mean_fit_time,std_fit_time,mean_score_time,std_score_time,param_max_depth,param_min_samples_leaf,param_min_samples_split,param_n_estimators,params,split0_test_score,split1_test_score,split2_test_score,mean_test_score,std_test_score,rank_test_score,split0_train_score,split1_train_score,split2_train_score,mean_train_score,std_train_score
1.6652452945709229,0.042314966641451235,0.04191072781880697,0.0012260481627546051,,1,2,200,"{'max_depth': None, 'min_samples_leaf': 1, 'min_samples_split': 2, 'n_estimators': 200}",0.7940406253675688,0.7907337769488538,0.7794120793773412,0.788062160564588,0.0062637443554452886,35,1.0,1.0,1.0,1.0,0.0
3.935022989908854,0.3663489325454268,0.07895572980244954,0.00628142388447089,,1,2,400,"{'max_depth': None, 'min_samples_leaf': 1, 'min_samples_split': 2, 'n_estimators': 400}",0.800250226803179,0.8107026362403827,0.7809986303194874,0.7973171644543496,0.012302686237667426,2,1.0,1.0,1.0,1.0,0.0
9.10892097155253,0.21696887116699176,0.1771996815999349,0.06104905939398559,,1,2,800,"{'max_depth': None, 'min_samples_leaf': 1, 'min_samples_split': 2, 'n_estimators': 800}",0.808349428384944,0.8089865504992406,0.7736892538346842,0.7970084109062897,0.016491185444448466,5,1.0,1.0,1.0,1.0,0.0
2.1492350896199546,0.17145239673942922,0.04655559857686361,0.0047588365921007935,,1,6,200,"{'max_depth': None, 'min_samples_leaf': 1, 'min_samples_split': 6, 'n_estimators': 200}",0.7972528825493901,0.8039071712987933,0.7802730215520913,0.7938110251334249,0.009950813883505848,16,0.9974187200679274,0.9954052907197615,0.9977298260364912,0.9968512789413934,0.001030326221395474
4.480160474777222,0.16354549337182886,0.060830275217692055,0.006443151630772448,,1,6,400,"{'max_depth': None, 'min_samples_leaf': 1, 'min_samples_split': 6, 'n_estimators': 400}",0.7986337830723722,0.8036033896256822,0.7805076185943423,0.7942482637641323,0.009925665203072618,12,0.9962823387572017,0.9962807074345701,0.9979862297346652,0.9968497586421456,0.0008036066921086861
9.138984441757202,0.04461387367792719,0.18791913986206055,0.05216938476095167,,1,6,800,"{'max_depth': None, 'min_samples_leaf': 1, 'min_samples_split': 6, 'n_estimators': 800}",0.8015412871877063,0.8030587231129231,0.7811329508828007,0.7952443203944767,0.009997456845554274,9,0.9962836448257093,0.9962767647085384,0.9979862297346652,0.9968488797563043,0.0008042327871792799
2.2009640534718833,0.04776487253199393,0.04191327095031738,0.0016248202201450557,,1,10,200,"{'max_depth': None, 'min_samples_leaf': 1, 'min_samples_split': 10, 'n_estimators': 200}",0.7917843211730531,0.788158283069138,0.7642791429545762,0.7814072490655891,0.012201531387366888,54,0.9874466876555363,0.9834010491612327,0.9859781091511883,0.9856086153226524,0.0016721626662583552
3.975127617518107,0.024589815844855287,0.06579875946044922,0.00011462273327638306,,1,10,400,"{'max_depth': None, 'min_samples_leaf': 1, 'min_samples_split': 10, 'n_estimators': 400}",0.7854484585226531,0.7895770037308076,0.7655689603139122,0.780198140855791,0.010480805117900296,67,0.9865683687119962,0.9856823964707211,0.9837168290784477,0.9853225314203883,0.0011916226223830718
8.49161163965861,0.17335895630661788,0.1502834955851237,0.03335150474694221,,1,10,800,"{'max_depth': None, 'min_samples_leaf': 1, 'min_samples_split': 10, 'n_estimators': 800}",0.7911963355036823,0.7860484976788851,0.7678369935759985,0.7816939422528554,0.01002118850377821,51,0.9871378136557596,0.9873885101879963,0.984584753359037,0.9863703590675975,0.0012667551717287346
2.138044993082682,0.01884967142074743,0.04465047518412272,0.010727241472377842,,2,2,200,"{'max_depth': None, 'min_samples_leaf': 2, 'min_samples_split': 2, 'n_estimators': 200}",0.7986968395375968,0.7954639574753057,0.7770748809102113,0.7904118926410378,0.009522597441116137,23,0.9939677654545755,0.9948351837622004,0.9945371587704603,0.9944467026624121,0.00035985215548713534
4.130784829457601,0.14326240597767206,0.07124964396158855,0.007455479403328922,,2,2,400,"{'max_depth': None, 'min_samples_leaf': 2, 'min_samples_split': 2, 'n_estimators': 400}",0.7973410397324696,0.8039775512046639,0.7693485737243264,0.7902223882204865,0.015006618980641456,26,0.9928287799968474,0.993958628969144,0.9945371587704603,0.9937748559121505,0.0007094452813714688
8.395609935124716,0.21159464336990305,0.1845717430114746,0.07341815281034778,,2,2,800,"{'max_depth': None, 'min_samples_leaf': 2, 'min_samples_split': 2, 'n_estimators': 800}",0.7972009628261258,0.8005353580911858,0.7716375153408352,0.7897912787527156,0.012908624828819139,30,0.9939677654545755,0.9936987405228359,0.9951066762734486,0.9942577274169534,0.0006102618149520404
2.042499383290609,0.16673810824157712,0.04534308115641276,0.0036758226854137557,,2,6,200,"{'max_depth': None, 'min_samples_leaf': 2, 'min_samples_split': 6, 'n_estimators': 200}",0.7886814979912282,0.7943916413425138,0.7777246690213274,0.7869326027850231,0.006915729290080393,38,0.9891097039907968,0.9859177993003159,0.9893988119045332,0.9881421050652154,0.0015772439989360746
4.3192979494730634,0.18600842339561421,0.1007707913716634,0.06623152070712338,,2,6,400,"{'max_depth': None, 'min_samples_leaf': 2, 'min_samples_split': 6, 'n_estimators': 400}",0.7932543060850393,0.7962797224183504,0.7665308923331381,0.785354973612176,0.013367817398447016,42,0.9896751799722888,0.9867844647604994,0.9885312139151948,0.9883302862159944,0.0011886512143734363
8.28574268023173,0.22745972613757126,0.13136506080627441,0.012355176310554954,,2,6,800,"{'max_depth': None, 'min_samples_leaf': 2, 'min_samples_split': 6, 'n_estimators': 800}",0.7942438880775403,0.7956852263599308,0.7651714151241769,0.7850335098538826,0.01405694298914066,45,0.9879353237789358,0.987356117437364,0.9882565772734926,0.9878493394965974,0.00037260519921862757
1.9780925909678142,0.0809188189538998,0.041817665100097656,0.0007251958237144612,,2,10,200,"{'max_depth': None, 'min_samples_leaf': 2, 'min_samples_split': 10, 'n_estimators': 200}",0.7851395759045596,0.7898185481061042,0.7658539669355366,0.7802706969820669,0.010371588568186365,64,0.9645346072891172,0.9736274309157107,0.9693986914894894,0.9691869098981059,0.00371514907353849
3.932784636815389,0.1354490087682917,0.07058342297871907,0.006780544788710368,,2,10,400,"{'max_depth': None, 'min_samples_leaf': 2, 'min_samples_split': 10, 'n_estimators': 400}",0.7793679898965619,0.794420152465738,0.7640038314176245,0.7792639912599748,0.012417628821230663,73,0.9679386622444984,0.9736024589830594,0.972536450477627,0.9713591905683949,0.0024575196227561605
8.421701431274414,0.0840306033554596,0.1555325984954834,0.02781642084893763,,2,10,800,"{'max_depth': None, 'min_samples_leaf': 2, 'min_samples_split': 10, 'n_estimators': 800}",0.7800233497699214,0.7950142286354318,0.7625606901444072,0.7791994228499202,0.013261904886408818,76,0.9670841631029983,0.9733011649354836,0.9730935952922022,0.971159641110228,0.002883043765393668
1.7813874085744221,0.12144477583984854,0.03818869590759277,0.004796711987256205,,4,2,200,"{'max_depth': None, 'min_samples_leaf': 4, 'min_samples_split': 2, 'n_estimators': 200}",0.7913420690457081,0.7876903134539828,0.7619522882473753,0.7803282235823553,0.013078992807856748,58,0.955395598332654,0.9584462592536064,0.9574029591033784,0.9570816055632129,0.001265986858012147
3.7561336358388266,0.23233661617392345,0.07102441787719727,0.00793346800850056,,4,2,400,"{'max_depth': None, 'min_samples_leaf': 4, 'min_samples_split': 2, 'n_estimators': 400}",0.7884678359446399,0.7833785305347387,0.7614054474787872,0.7777506046527219,0.01174303707647739,89,0.9570913428233764,0.9616193700000121,0.9587973308300218,0.9591693478844702,0.001867182377217632
7.804106950759888,0.4779618253686418,0.17001589139302573,0.017063107182792525,,4,2,800,"{'max_depth': None, 'min_samples_leaf': 4, 'min_samples_split': 2, 'n_estimators': 800}",0.7889950057779899,0.7902581878801656,0.7580541693856367,0.7791024543479307,0.014892316411408542,81,0.952814096296588,0.9616140952514668,0.9556714942169412,0.9566998952549987,0.0036654423946526397
1.9071632226308186,0.1461926946400076,0.04274272918701172,0.0002097241637363012,,4,6,200,"{'max_depth': None, 'min_samples_leaf': 4, 'min_samples_split': 6, 'n_estimators': 200}",0.7913420690457081,0.7876903134539828,0.7619522882473753,0.7803282235823553,0.013078992807856748,58,0.955395598332654,0.9584462592536064,0.9574029591033784,0.9570816055632129,0.001265986858012147
3.8769518534342446,0.12293845262994485,0.06805531183878581,0.0010987389838922326,,4,6,400,"{'max_depth': None, 'min_samples_leaf': 4, 'min_samples_split': 6, 'n_estimators': 400}",0.7884678359446399,0.7833785305347387,0.7614054474787872,0.7777506046527219,0.01174303707647739,89,0.9570913428233764,0.9616193700000121,0.9587973308300218,0.9591693478844702,0.001867182377217632
7.840563694636027,0.0450412216947897,0.17750167846679688,0.03355126834551613,,4,6,800,"{'max_depth': None, 'min_samples_leaf': 4, 'min_samples_split': 6, 'n_estimators': 800}",0.7889950057779899,0.7902581878801656,0.7580541693856367,0.7791024543479307,0.014892316411408542,81,0.952814096296588,0.9616140952514668,0.9556714942169412,0.9566998952549987,0.0036654423946526397
1.9017151991526287,0.12521688883081586,0.042052904764811196,0.0017950159020865151,,4,10,200,"{'max_depth': None, 'min_samples_leaf': 4, 'min_samples_split': 10, 'n_estimators': 200}",0.7766190439758851,0.7783978746144543,0.7620752365319522,0.7723640517074305,0.007311445269645995,105,0.9505021420624153,0.948202286951723,0.9448236773194116,0.9478427021111834,0.0023321258403072955
3.829057057698568,0.0970507489053613,0.06625199317932129,0.0005417677028422764,,4,10,400,"{'max_depth': None, 'min_samples_leaf': 4, 'min_samples_split': 10, 'n_estimators': 400}",0.7784180639851115,0.7844846490767433,0.7630756200374718,0.7753261110331088,0.009009504643953944,98,0.9456512149705021,0.9493215559999852,0.9453810171977733,0.9467845960560869,0.0017972898165117845
7.645596106847127,0.23588232248529753,0.1498725414276123,0.041867414538376474,,4,10,800,"{'max_depth': None, 'min_samples_leaf': 4, 'min_samples_split': 10, 'n_estimators': 800}",0.784049726369175,0.7835246866372694,0.7517906180925344,0.773121677032993,0.015084859370043988,101,0.9465332657727004,0.9513012866762868,0.9467964893398176,0.9482103472629348,0.002188264381396116
2.212346315383911,0.12025869997465533,0.04119340578715006,0.001593441106996236,20,1,2,200,"{'max_depth': 20, 'min_samples_leaf': 1, 'min_samples_split': 2, 'n_estimators': 200}",0.7961350420744253,0.7985877970454571,0.7757891247411177,0.7901706546203334,0.010218457254304097,29,1.0,1.0,1.0,1.0,0.0
4.595917224884033,0.20207703654521703,0.07447044054667155,0.006419396472230849,20,1,2,400,"{'max_depth': 20, 'min_samples_leaf': 1, 'min_samples_split': 2, 'n_estimators': 400}",0.7977189676934693,0.8096727342067219,0.7745267815242385,0.7939728278081432,0.014590742967607104,15,1.0,1.0,1.0,1.0,0.0
8.825586954752604,0.0782206795907438,0.17346676190694174,0.04342238480692436,20,1,2,800,"{'max_depth': 20, 'min_samples_leaf': 1, 'min_samples_split': 2, 'n_estimators': 800}",0.8077042483660131,0.8073185141368107,0.7796068506019137,0.7982098710349125,0.013155264463243653,1,1.0,1.0,1.0,1.0,0.0
2.197434107462565,0.10082104958654464,0.03763310114542643,0.0056418161455426075,20,1,6,200,"{'max_depth': 20, 'min_samples_leaf': 1, 'min_samples_split': 6, 'n_estimators': 200}",0.796057522794086,0.7966780380490887,0.7787812681704285,0.7905056096712011,0.00829423082692528,22,0.997418695026002,0.9957111567341748,0.9971616177440572,0.9967638231680779,0.0007517101161232003
4.183196306228638,0.09615310982400782,0.06716028849283855,0.0010277275657435566,20,1,6,400,"{'max_depth': 20, 'min_samples_leaf': 1, 'min_samples_split': 6, 'n_estimators': 400}",0.7936968568771865,0.8030840145556459,0.7751911985649078,0.7906573566659135,0.011588247412041817,21,0.9962823387572017,0.9962807074345701,0.9979862297346652,0.9968497586421456,0.0008036066921086861
9.534523089726767,0.22457285538673086,0.1695113182067871,0.05304489606234538,20,1,6,800,"{'max_depth': 20, 'min_samples_leaf': 1, 'min_samples_split': 6, 'n_estimators': 800}",0.8019137787297335,0.8019215259513073,0.7831692329271911,0.7956681792027439,0.008838090235046177,8,0.9962836448257093,0.9962767647085384,0.9979862297346652,0.9968488797563043,0.0008042327871792799
2.0789945125579834,0.0775563625373517,0.04226056734720866,0.001128049590113492,20,1,10,200,"{'max_depth': 20, 'min_samples_leaf': 1, 'min_samples_split': 10, 'n_estimators': 200}",0.7897846895587466,0.7893689368221646,0.7682051342954024,0.7824529202254379,0.010076135685059075,50,0.9871423751318709,0.9845445032055906,0.9868490582871784,0.9861786455415467,0.001161701216167596
4.558362325032552,0.07677539312354974,0.07739496231079102,0.011648100488384477,20,1,10,400,"{'max_depth': 20, 'min_samples_leaf': 1, 'min_samples_split': 10, 'n_estimators': 400}",0.7901626775088914,0.7855072328866862,0.7644608333456955,0.7800435812470911,0.0111813778303165,70,0.9865683687119962,0.9868220888275234,0.9848513210050942,0.9860805928482046,0.0008753762705084047
9.044899702072144,0.011182716078079075,0.16422605514526367,0.046374905968318475,20,1,10,800,"{'max_depth': 20, 'min_samples_leaf': 1, 'min_samples_split': 10, 'n_estimators': 800}",0.7938914601783132,0.7832808919443391,0.7712616511102452,0.7828113344109658,0.009244545340259262,49,0.9865683687119962,0.9879595338553219,0.9840084656929272,0.9861787894200816,0.0016363707657472922
2.1214799086252847,0.032864619503983485,0.04208501180013021,0.0026411743560248342,20,2,2,200,"{'max_depth': 20, 'min_samples_leaf': 2, 'min_samples_split': 2, 'n_estimators': 200}",0.7982480991996524,0.7943995246226647,0.7751539405447296,0.789267188122349,0.010102498023064784,33,0.9939677654545755,0.9954052907197615,0.9945371587704603,0.9946367383149325,0.00059107629866762
4.537954966227214,0.04596493489036527,0.06519834200541179,0.004601806258084197,20,2,2,400,"{'max_depth': 20, 'min_samples_leaf': 2, 'min_samples_split': 2, 'n_estimators': 400}",0.7955166623972432,0.8012517924958581,0.7688075377867336,0.7885253308932784,0.014137808718854688,34,0.9928287799968474,0.9942656448087202,0.9945371587704603,0.9938771945253425,0.0007495819837415578
9.272947788238525,0.5112992734808209,0.13472986221313477,0.01831614219153836,20,2,2,800,"{'max_depth': 20, 'min_samples_leaf': 2, 'min_samples_split': 2, 'n_estimators': 800}",0.7999926109769654,0.803495410483264,0.7716375153408352,0.7917085122670215,0.014264199692553534,19,0.9942701113768813,0.9936987405228359,0.9951066762734486,0.9943585093910553,0.0005781761128155643
1.9654454390207927,0.14157722715807058,0.04473423957824707,0.005190141680318732,20,2,6,200,"{'max_depth': 20, 'min_samples_leaf': 2, 'min_samples_split': 6, 'n_estimators': 200}",0.7915525914038044,0.8030290190382506,0.7775848205260243,0.7907221436560263,0.0104041351419756,20,0.9891109957867362,0.9859177993003159,0.9899671314626508,0.9883319755165676,0.0017424938404922601
4.403881072998047,0.1959257432734798,0.06609924634297688,0.0008320360329534132,20,2,6,400,"{'max_depth': 20, 'min_samples_leaf': 2, 'min_samples_split': 6, 'n_estimators': 400}",0.7932543060850393,0.7962797224183504,0.7655210451687532,0.7850183578907144,0.013841897474236853,48,0.9896751799722888,0.9867844647604994,0.9888304547820168,0.9884300331716016,0.001213620398774744
8.841164668401083,0.14732968823746076,0.1574085553487142,0.034771721950960004,20,2,6,800,"{'max_depth': 20, 'min_samples_leaf': 2, 'min_samples_split': 6, 'n_estimators': 800}",0.7942438880775403,0.7981856287829339,0.764501064271208,0.7856435270438941,0.015036336633146406,41,0.9879353237789358,0.987356117437364,0.9882565772734926,0.9878493394965974,0.00037260519921862757
2.0481374263763428,0.1513272705134678,0.045499165852864586,0.004061255870358645,20,2,10,200,"{'max_depth': 20, 'min_samples_leaf': 2, 'min_samples_split': 10, 'n_estimators': 200}",0.7850495225627268,0.785077103206399,0.7664712247435603,0.7788659501708954,0.008764401633397288,87,0.9645346072891172,0.9733318788443792,0.9671177273054385,0.9683280711463116,0.0036920361016752512
4.613166570663452,0.21755948846106496,0.06886482238769531,0.004323778508362779,20,2,10,400,"{'max_depth': 20, 'min_samples_leaf': 2, 'min_samples_split': 10, 'n_estimators': 400}",0.7811473796409234,0.7950595089884676,0.7650324746030279,0.7804131210774731,0.012269475680853787,57,0.9676599540400754,0.9736024589830594,0.9719619196464082,0.9710747775565144,0.0025058075298651336
9.451578299204508,0.10581114813049239,0.18002891540527344,0.0766269891912541,20,2,10,800,"{'max_depth': 20, 'min_samples_leaf': 2, 'min_samples_split': 10, 'n_estimators': 800}",0.7817078059944678,0.7950142286354318,0.758954758123724,0.7785589309178745,0.014888651474242006,88,0.9679433495166909,0.9727219013450208,0.9730935952922022,0.9712529487179712,0.0023451544728694818
1.9398122628529866,0.21809651151694037,0.05149976412455241,0.014549264737820184,20,4,2,200,"{'max_depth': 20, 'min_samples_leaf': 4, 'min_samples_split': 2, 'n_estimators': 200}",0.7895797146908715,0.7876903134539828,0.7602510586605866,0.7791736956018136,0.013402539581875423,79,0.955395598332654,0.9584462592536064,0.9562556622969944,0.9566991732944183,0.0012843051343777194
3.747936169306437,0.06778228099409804,0.06949464480082194,0.005286795801236148,20,4,2,400,"{'max_depth': 20, 'min_samples_leaf': 4, 'min_samples_split': 2, 'n_estimators': 400}",0.7860482970878757,0.7833785305347387,0.7614054474787872,0.7769440917004672,0.011041407263811491,95,0.9570913428233764,0.9601865365953011,0.9593704657022701,0.9588827817069824,0.0013098175142324487
8.498981237411499,0.6757740965169583,0.16906976699829102,0.022547070524173658,20,4,2,800,"{'max_depth': 20, 'min_samples_leaf': 4, 'min_samples_split': 2, 'n_estimators': 800}",0.7889950057779899,0.790820070110346,0.7580541693856367,0.7792897484246576,0.015034295855281122,71,0.952814096296588,0.9616140952514668,0.9556714942169412,0.9566998952549987,0.0036654423946526397
2.0394817193349204,0.10281207639197784,0.042894442876180015,0.0009347816606452814,20,4,6,200,"{'max_depth': 20, 'min_samples_leaf': 4, 'min_samples_split': 6, 'n_estimators': 200}",0.7895797146908715,0.7876903134539828,0.7602510586605866,0.7791736956018136,0.013402539581875423,79,0.955395598332654,0.9584462592536064,0.9562556622969944,0.9566991732944183,0.0012843051343777194
3.9772984186808267,0.1429927645756492,0.07019424438476562,0.005263109194518351,20,4,6,400,"{'max_depth': 20, 'min_samples_leaf': 4, 'min_samples_split': 6, 'n_estimators': 400}",0.7860482970878757,0.7833785305347387,0.7614054474787872,0.7769440917004672,0.011041407263811491,95,0.9570913428233764,0.9601865365953011,0.9593704657022701,0.9588827817069824,0.0013098175142324487
8.43850072224935,0.23872610397068728,0.12855243682861328,0.011148112697801905,20,4,6,800,"{'max_depth': 20, 'min_samples_leaf': 4, 'min_samples_split': 6, 'n_estimators': 800}",0.7889950057779899,0.790820070110346,0.7580541693856367,0.7792897484246576,0.015034295855281122,71,0.952814096296588,0.9616140952514668,0.9556714942169412,0.9566998952549987,0.0036654423946526397
1.9575509230295818,0.17328105394274512,0.04208501180013021,0.000980153931446195,20,4,10,200,"{'max_depth': 20, 'min_samples_leaf': 4, 'min_samples_split': 10, 'n_estimators': 200}",0.7766190439758851,0.7761747914105734,0.7620752365319522,0.7716230239728036,0.006753740881773403,108,0.9505021420624153,0.9487586898599694,0.9448236773194116,0.9480281697472654,0.0023750768669221
4.2081747849782305,0.3450149537347448,0.06439805030822754,0.0015608780573579228,20,4,10,400,"{'max_depth': 20, 'min_samples_leaf': 4, 'min_samples_split': 10, 'n_estimators': 400}",0.7772849446729975,0.7857467483578009,0.7630756200374718,0.7753691043560901,0.009354066777579452,97,0.9473380176979319,0.9495935260151793,0.9453810171977733,0.9474375203036282,0.001721188196292713
8.053466637929281,0.2716339516870583,0.2423699696858724,0.06844610596331693,20,4,10,800,"{'max_depth': 20, 'min_samples_leaf': 4, 'min_samples_split': 10, 'n_estimators': 800}",0.7816617160590207,0.7852764126537014,0.7517906180925344,0.772909582268419,0.015006098621663029,104,0.9473827200521953,0.9513012866762868,0.9467964893398176,0.9484934986894332,0.0019997785954738462
2.6805246671040854,0.13490262511915474,0.041011969248453774,0.0013283275737887732,30,1,2,200,"{'max_depth': 30, 'min_samples_leaf': 1, 'min_samples_split': 2, 'n_estimators': 200}",0.7940406253675688,0.7907337769488538,0.7794120793773412,0.788062160564588,0.0062637443554452886,35,1.0,1.0,1.0,1.0,0.0
5.132641315460205,0.1005372259876985,0.07470210393269856,0.006059151120102657,30,1,2,400,"{'max_depth': 30, 'min_samples_leaf': 1, 'min_samples_split': 2, 'n_estimators': 400}",0.800250226803179,0.8107026362403827,0.7809986303194874,0.7973171644543496,0.012302686237667426,2,1.0,1.0,1.0,1.0,0.0
10.271195650100708,0.1647884628057218,0.139634370803833,0.013971977472433098,30,1,2,800,"{'max_depth': 30, 'min_samples_leaf': 1, 'min_samples_split': 2, 'n_estimators': 800}",0.808349428384944,0.8089865504992406,0.7736892538346842,0.7970084109062897,0.016491185444448466,5,1.0,1.0,1.0,1.0,0.0
2.3012783527374268,0.08616532741928266,0.044076999028523765,0.006346605694881083,30,1,6,200,"{'max_depth': 30, 'min_samples_leaf': 1, 'min_samples_split': 6, 'n_estimators': 200}",0.7972528825493901,0.8039071712987933,0.7802730215520913,0.7938110251334249,0.009950813883505848,16,0.9974187200679274,0.9954052907197615,0.9977298260364912,0.9968512789413934,0.001030326221395474
5.038644552230835,0.13231177393622495,0.06981905301411946,0.004412631895104155,30,1,6,400,"{'max_depth': 30, 'min_samples_leaf': 1, 'min_samples_split': 6, 'n_estimators': 400}",0.7986337830723722,0.8036033896256822,0.7805076185943423,0.7942482637641323,0.009925665203072618,12,0.9962823387572017,0.9962807074345701,0.9979862297346652,0.9968497586421456,0.0008036066921086861
10.802715380986532,0.17546753549201846,0.19284971555074057,0.06640759448330037,30,1,6,800,"{'max_depth': 30, 'min_samples_leaf': 1, 'min_samples_split': 6, 'n_estimators': 800}",0.8015412871877063,0.8030587231129231,0.7811329508828007,0.7952443203944767,0.009997456845554274,9,0.9962836448257093,0.9962767647085384,0.9979862297346652,0.9968488797563043,0.0008042327871792799
2.4572763442993164,0.042947708298127885,0.041458686192830406,0.00043070734060266305,30,1,10,200,"{'max_depth': 30, 'min_samples_leaf': 1, 'min_samples_split': 10, 'n_estimators': 200}",0.7917843211730531,0.788158283069138,0.7642791429545762,0.7814072490655891,0.012201531387366888,54,0.9874466876555363,0.9834010491612327,0.9859781091511883,0.9856086153226524,0.0016721626662583552
5.02993122736613,0.09930091460557279,0.07576107978820801,0.005602242015509415,30,1,10,400,"{'max_depth': 30, 'min_samples_leaf': 1, 'min_samples_split': 10, 'n_estimators': 400}",0.7854484585226531,0.7895770037308076,0.7655689603139122,0.780198140855791,0.010480805117900296,67,0.9865683687119962,0.9856823964707211,0.9837168290784477,0.9853225314203883,0.0011916226223830718
10.495800813039144,0.07479197555343116,0.1622598965962728,0.03168838381744342,30,1,10,800,"{'max_depth': 30, 'min_samples_leaf': 1, 'min_samples_split': 10, 'n_estimators': 800}",0.7911963355036823,0.7860484976788851,0.7678369935759985,0.7816939422528554,0.01002118850377821,51,0.9871378136557596,0.9873885101879963,0.984584753359037,0.9863703590675975,0.0012667551717287346
2.4329700469970703,0.04101899974457739,0.04243659973144531,0.0009313437211496948,30,2,2,200,"{'max_depth': 30, 'min_samples_leaf': 2, 'min_samples_split': 2, 'n_estimators': 200}",0.7986968395375968,0.7954639574753057,0.7770748809102113,0.7904118926410378,0.009522597441116137,23,0.9939677654545755,0.9948351837622004,0.9945371587704603,0.9944467026624121,0.00035985215548713534
5.073510408401489,0.04313882724774866,0.06996862093607585,0.005128025930858023,30,2,2,400,"{'max_depth': 30, 'min_samples_leaf': 2, 'min_samples_split': 2, 'n_estimators': 400}",0.7973410397324696,0.8039775512046639,0.7693485737243264,0.7902223882204865,0.015006618980641456,26,0.9928287799968474,0.993958628969144,0.9945371587704603,0.9937748559121505,0.0007094452813714688
10.019080559412638,0.11475680834324646,0.17706672350565592,0.05524118165391038,30,2,2,800,"{'max_depth': 30, 'min_samples_leaf': 2, 'min_samples_split': 2, 'n_estimators': 800}",0.7972009628261258,0.8005353580911858,0.7716375153408352,0.7897912787527156,0.012908624828819139,30,0.9939677654545755,0.9936987405228359,0.9951066762734486,0.9942577274169534,0.0006102618149520404
2.434149662653605,0.028207259834906774,0.043056090672810875,0.001787801120701465,30,2,6,200,"{'max_depth': 30, 'min_samples_leaf': 2, 'min_samples_split': 6, 'n_estimators': 200}",0.7886814979912282,0.7943916413425138,0.7777246690213274,0.7869326027850231,0.006915729290080393,38,0.9891097039907968,0.9859177993003159,0.9893988119045332,0.9881421050652154,0.0015772439989360746
4.942425886789958,0.13422885849990812,0.08590475718180339,0.013826875851735228,30,2,6,400,"{'max_depth': 30, 'min_samples_leaf': 2, 'min_samples_split': 6, 'n_estimators': 400}",0.7932543060850393,0.7962797224183504,0.7665308923331381,0.785354973612176,0.013367817398447016,42,0.9896751799722888,0.9867844647604994,0.9885312139151948,0.9883302862159944,0.0011886512143734363
10.196818272272745,0.09412309814437009,0.27989904085795086,0.0786932394054018,30,2,6,800,"{'max_depth': 30, 'min_samples_leaf': 2, 'min_samples_split': 6, 'n_estimators': 800}",0.7942438880775403,0.7956852263599308,0.7651714151241769,0.7850335098538826,0.01405694298914066,45,0.9879353237789358,0.987356117437364,0.9882565772734926,0.9878493394965974,0.00037260519921862757
2.2008403142293296,0.17204032260494667,0.04155937830607096,0.0011041217740353191,30,2,10,200,"{'max_depth': 30, 'min_samples_leaf': 2, 'min_samples_split': 10, 'n_estimators': 200}",0.7851395759045596,0.7898185481061042,0.7658539669355366,0.7802706969820669,0.010371588568186365,64,0.9645346072891172,0.9736274309157107,0.9693986914894894,0.9691869098981059,0.00371514907353849
4.871527592341105,0.1453113662983408,0.07085903485616048,0.006661916694144287,30,2,10,400,"{'max_depth': 30, 'min_samples_leaf': 2, 'min_samples_split': 10, 'n_estimators': 400}",0.7793679898965619,0.794420152465738,0.7640038314176245,0.7792639912599748,0.012417628821230663,73,0.9679386622444984,0.9736024589830594,0.972536450477627,0.9713591905683949,0.0024575196227561605
10.176569938659668,0.07236684096534154,0.18543465932210287,0.03726256809859586,30,2,10,800,"{'max_depth': 30, 'min_samples_leaf': 2, 'min_samples_split': 10, 'n_estimators': 800}",0.7800233497699214,0.7950142286354318,0.7625606901444072,0.7791994228499202,0.013261904886408818,76,0.9670841631029983,0.9733011649354836,0.9730935952922022,0.971159641110228,0.002883043765393668
2.1511983076731362,0.16632841528673267,0.04309932390848795,0.0009845985185386503,30,4,2,200,"{'max_depth': 30, 'min_samples_leaf': 4, 'min_samples_split': 2, 'n_estimators': 200}",0.7913420690457081,0.7876903134539828,0.7619522882473753,0.7803282235823553,0.013078992807856748,58,0.955395598332654,0.9584462592536064,0.9574029591033784,0.9570816055632129,0.001265986858012147
4.539142926534017,0.19510138766184748,0.0774233341217041,0.003483662612044205,30,4,2,400,"{'max_depth': 30, 'min_samples_leaf': 4, 'min_samples_split': 2, 'n_estimators': 400}",0.7884678359446399,0.7833785305347387,0.7614054474787872,0.7777506046527219,0.01174303707647739,89,0.9570913428233764,0.9616193700000121,0.9587973308300218,0.9591693478844702,0.001867182377217632
9.619959433873495,0.07877466267798848,0.19196359316507974,0.05529255600523084,30,4,2,800,"{'max_depth': 30, 'min_samples_leaf': 4, 'min_samples_split': 2, 'n_estimators': 800}",0.7889950057779899,0.7902581878801656,0.7580541693856367,0.7791024543479307,0.014892316411408542,81,0.952814096296588,0.9616140952514668,0.9556714942169412,0.9566998952549987,0.0036654423946526397
2.2112460931142173,0.1346111240741019,0.044058640797932945,0.0013927522909295104,30,4,6,200,"{'max_depth': 30, 'min_samples_leaf': 4, 'min_samples_split': 6, 'n_estimators': 200}",0.7913420690457081,0.7876903134539828,0.7619522882473753,0.7803282235823553,0.013078992807856748,58,0.955395598332654,0.9584462592536064,0.9574029591033784,0.9570816055632129,0.001265986858012147
4.625634749730428,0.15711888389893436,0.07228962580362956,0.005048661152267889,30,4,6,400,"{'max_depth': 30, 'min_samples_leaf': 4, 'min_samples_split': 6, 'n_estimators': 400}",0.7884678359446399,0.7833785305347387,0.7614054474787872,0.7777506046527219,0.01174303707647739,89,0.9570913428233764,0.9616193700000121,0.9587973308300218,0.9591693478844702,0.001867182377217632
9.676685333251953,0.35575676245491367,0.13338947296142578,0.005196573038294025,30,4,6,800,"{'max_depth': 30, 'min_samples_leaf': 4, 'min_samples_split': 6, 'n_estimators': 800}",0.7889950057779899,0.7902581878801656,0.7580541693856367,0.7791024543479307,0.014892316411408542,81,0.952814096296588,0.9616140952514668,0.9556714942169412,0.9566998952549987,0.0036654423946526397
2.448898712793986,0.11459597669416705,0.04649988810221354,0.005739928304743235,30,4,10,200,"{'max_depth': 30, 'min_samples_leaf': 4, 'min_samples_split': 10, 'n_estimators': 200}",0.7766190439758851,0.7783978746144543,0.7620752365319522,0.7723640517074305,0.007311445269645995,105,0.9505021420624153,0.948202286951723,0.9448236773194116,0.9478427021111834,0.0023321258403072955
4.680222908655803,0.15895553571465312,0.07563114166259766,0.005437727835420103,30,4,10,400,"{'max_depth': 30, 'min_samples_leaf': 4, 'min_samples_split': 10, 'n_estimators': 400}",0.7784180639851115,0.7844846490767433,0.7630756200374718,0.7753261110331088,0.009009504643953944,98,0.9456512149705021,0.9493215559999852,0.9453810171977733,0.9467845960560869,0.0017972898165117845
9.313136657079061,0.2668259561500402,0.16818888982137045,0.02885240826542901,30,4,10,800,"{'max_depth': 30, 'min_samples_leaf': 4, 'min_samples_split': 10, 'n_estimators': 800}",0.784049726369175,0.7835246866372694,0.7517906180925344,0.773121677032993,0.015084859370043988,101,0.9465332657727004,0.9513012866762868,0.9467964893398176,0.9482103472629348,0.002188264381396116
2.6203540166219077,0.03728264482821743,0.04271705945332845,0.000954582900785091,40,1,2,200,"{'max_depth': 40, 'min_samples_leaf': 1, 'min_samples_split': 2, 'n_estimators': 200}",0.7940406253675688,0.7907337769488538,0.7794120793773412,0.788062160564588,0.0062637443554452886,35,1.0,1.0,1.0,1.0,0.0
5.436024347941081,0.12663633779761468,0.07593774795532227,0.008212301985672415,40,1,2,400,"{'max_depth': 40, 'min_samples_leaf': 1, 'min_samples_split': 2, 'n_estimators': 400}",0.800250226803179,0.8107026362403827,0.7809986303194874,0.7973171644543496,0.012302686237667426,2,1.0,1.0,1.0,1.0,0.0
10.980520486831665,0.04739655061914141,0.13193329175313315,0.011294423777637131,40,1,2,800,"{'max_depth': 40, 'min_samples_leaf': 1, 'min_samples_split': 2, 'n_estimators': 800}",0.808349428384944,0.8089865504992406,0.7736892538346842,0.7970084109062897,0.016491185444448466,5,1.0,1.0,1.0,1.0,0.0
2.520755926767985,0.08140295189785353,0.04508638381958008,0.002008185949327226,40,1,6,200,"{'max_depth': 40, 'min_samples_leaf': 1, 'min_samples_split': 6, 'n_estimators': 200}",0.7972528825493901,0.8039071712987933,0.7802730215520913,0.7938110251334249,0.009950813883505848,16,0.9974187200679274,0.9954052907197615,0.9977298260364912,0.9968512789413934,0.001030326221395474
5.180111646652222,0.14786964770969988,0.08290998140970866,0.010223312361211595,40,1,6,400,"{'max_depth': 40, 'min_samples_leaf': 1, 'min_samples_split': 6, 'n_estimators': 400}",0.7986337830723722,0.8036033896256822,0.7805076185943423,0.7942482637641323,0.009925665203072618,12,0.9962823387572017,0.9962807074345701,0.9979862297346652,0.9968497586421456,0.0008036066921086861
11.035341580708822,0.16903213993971275,0.15221047401428223,0.035532473140429184,40,1,6,800,"{'max_depth': 40, 'min_samples_leaf': 1, 'min_samples_split': 6, 'n_estimators': 800}",0.8015412871877063,0.8030587231129231,0.7811329508828007,0.7952443203944767,0.009997456845554274,9,0.9962836448257093,0.9962767647085384,0.9979862297346652,0.9968488797563043,0.0008042327871792799
2.637418270111084,0.03199867185365381,0.04134384791056315,0.0015864208187017636,40,1,10,200,"{'max_depth': 40, 'min_samples_leaf': 1, 'min_samples_split': 10, 'n_estimators': 200}",0.7917843211730531,0.788158283069138,0.7642791429545762,0.7814072490655891,0.012201531387366888,54,0.9874466876555363,0.9834010491612327,0.9859781091511883,0.9856086153226524,0.0016721626662583552
5.260507504145305,0.053041371036718264,0.07161434491475423,0.005356435149524499,40,1,10,400,"{'max_depth': 40, 'min_samples_leaf': 1, 'min_samples_split': 10, 'n_estimators': 400}",0.7854484585226531,0.7895770037308076,0.7655689603139122,0.780198140855791,0.010480805117900296,67,0.9865683687119962,0.9856823964707211,0.9837168290784477,0.9853225314203883,0.0011916226223830718
10.720645666122437,0.07077606018244595,0.13966027895609537,0.011809930325147374,40,1,10,800,"{'max_depth': 40, 'min_samples_leaf': 1, 'min_samples_split': 10, 'n_estimators': 800}",0.7911963355036823,0.7860484976788851,0.7678369935759985,0.7816939422528554,0.01002118850377821,51,0.9871378136557596,0.9873885101879963,0.984584753359037,0.9863703590675975,0.0012667551717287346
2.418311357498169,0.12521801463723847,0.043117523193359375,0.0016842285449841135,40,2,2,200,"{'max_depth': 40, 'min_samples_leaf': 2, 'min_samples_split': 2, 'n_estimators': 200}",0.7986968395375968,0.7954639574753057,0.7770748809102113,0.7904118926410378,0.009522597441116137,23,0.9939677654545755,0.9948351837622004,0.9945371587704603,0.9944467026624121,0.00035985215548713534
5.022655248641968,0.08646877385188756,0.07685788472493489,0.006605061200889275,40,2,2,400,"{'max_depth': 40, 'min_samples_leaf': 2, 'min_samples_split': 2, 'n_estimators': 400}",0.7973410397324696,0.8039775512046639,0.7693485737243264,0.7902223882204865,0.015006618980641456,26,0.9928287799968474,0.993958628969144,0.9945371587704603,0.9937748559121505,0.0007094452813714688
10.864769697189331,0.1275437303766622,0.1616180737813314,0.022659726540892995,40,2,2,800,"{'max_depth': 40, 'min_samples_leaf': 2, 'min_samples_split': 2, 'n_estimators': 800}",0.7972009628261258,0.8005353580911858,0.7716375153408352,0.7897912787527156,0.012908624828819139,30,0.9939677654545755,0.9936987405228359,0.9951066762734486,0.9942577274169534,0.0006102618149520404
2.5594026247660318,0.11719336619527139,0.04627577463785807,0.005630816922975932,40,2,6,200,"{'max_depth': 40, 'min_samples_leaf': 2, 'min_samples_split': 6, 'n_estimators': 200}",0.7886814979912282,0.7943916413425138,0.7777246690213274,0.7869326027850231,0.006915729290080393,38,0.9891097039907968,0.9859177993003159,0.9893988119045332,0.9881421050652154,0.0015772439989360746
5.195947170257568,0.07565398702165946,0.06677110989888509,0.00044826549393431797,40,2,6,400,"{'max_depth': 40, 'min_samples_leaf': 2, 'min_samples_split': 6, 'n_estimators': 400}",0.7932543060850393,0.7962797224183504,0.7665308923331381,0.785354973612176,0.013367817398447016,42,0.9896751799722888,0.9867844647604994,0.9885312139151948,0.9883302862159944,0.0011886512143734363
10.970861275990805,0.10575374516922696,0.17208528518676758,0.05325233706406516,40,2,6,800,"{'max_depth': 40, 'min_samples_leaf': 2, 'min_samples_split': 6, 'n_estimators': 800}",0.7942438880775403,0.7956852263599308,0.7651714151241769,0.7850335098538826,0.01405694298914066,45,0.9879353237789358,0.987356117437364,0.9882565772734926,0.9878493394965974,0.00037260519921862757
2.5553554693857827,0.08129560797970874,0.041946967442830406,0.0007644648336733345,40,2,10,200,"{'max_depth': 40, 'min_samples_leaf': 2, 'min_samples_split': 10, 'n_estimators': 200}",0.7851395759045596,0.7898185481061042,0.7658539669355366,0.7802706969820669,0.010371588568186365,64,0.9645346072891172,0.9736274309157107,0.9693986914894894,0.9691869098981059,0.00371514907353849
5.067761659622192,0.059851115851735505,0.07524490356445312,0.0057489795630316295,40,2,10,400,"{'max_depth': 40, 'min_samples_leaf': 2, 'min_samples_split': 10, 'n_estimators': 400}",0.7793679898965619,0.794420152465738,0.7640038314176245,0.7792639912599748,0.012417628821230663,73,0.9679386622444984,0.9736024589830594,0.972536450477627,0.9713591905683949,0.0024575196227561605
10.666933059692383,0.357446905197125,0.15169262886047363,0.027892178985052335,40,2,10,800,"{'max_depth': 40, 'min_samples_leaf': 2, 'min_samples_split': 10, 'n_estimators': 800}",0.7800233497699214,0.7950142286354318,0.7625606901444072,0.7791994228499202,0.013261904886408818,76,0.9670841631029983,0.9733011649354836,0.9730935952922022,0.971159641110228,0.002883043765393668
2.3281160990397134,0.2663653693850205,0.04178452491760254,0.0010239248886117866,40,4,2,200,"{'max_depth': 40, 'min_samples_leaf': 4, 'min_samples_split': 2, 'n_estimators': 200}",0.7913420690457081,0.7876903134539828,0.7619522882473753,0.7803282235823553,0.013078992807856748,58,0.955395598332654,0.9584462592536064,0.9574029591033784,0.9570816055632129,0.001265986858012147
4.544464270273845,0.14901215356732586,0.2046655813852946,0.17934830466836002,40,4,2,400,"{'max_depth': 40, 'min_samples_leaf': 4, 'min_samples_split': 2, 'n_estimators': 400}",0.7884678359446399,0.7833785305347387,0.7614054474787872,0.7777506046527219,0.01174303707647739,89,0.9570913428233764,0.9616193700000121,0.9587973308300218,0.9591693478844702,0.001867182377217632
9.599835395812988,0.3735331874639402,0.1576533317565918,0.021855126514827086,40,4,2,800,"{'max_depth': 40, 'min_samples_leaf': 4, 'min_samples_split': 2, 'n_estimators': 800}",0.7889950057779899,0.7902581878801656,0.7580541693856367,0.7791024543479307,0.014892316411408542,81,0.952814096296588,0.9616140952514668,0.9556714942169412,0.9566998952549987,0.0036654423946526397
2.245960791905721,0.09664563157362192,0.04707129796346029,0.00501169446777368,40,4,6,200,"{'max_depth': 40, 'min_samples_leaf': 4, 'min_samples_split': 6, 'n_estimators': 200}",0.7913420690457081,0.7876903134539828,0.7619522882473753,0.7803282235823553,0.013078992807856748,58,0.955395598332654,0.9584462592536064,0.9574029591033784,0.9570816055632129,0.001265986858012147
4.667019049326579,0.07167876719314416,0.0713645617167155,0.006832200914361567,40,4,6,400,"{'max_depth': 40, 'min_samples_leaf': 4, 'min_samples_split': 6, 'n_estimators': 400}",0.7884678359446399,0.7833785305347387,0.7614054474787872,0.7777506046527219,0.01174303707647739,89,0.9570913428233764,0.9616193700000121,0.9587973308300218,0.9591693478844702,0.001867182377217632
9.125839630762735,0.11068156584802542,0.14366698265075684,0.00463255282405402,40,4,6,800,"{'max_depth': 40, 'min_samples_leaf': 4, 'min_samples_split': 6, 'n_estimators': 800}",0.7889950057779899,0.7902581878801656,0.7580541693856367,0.7791024543479307,0.014892316411408542,81,0.952814096296588,0.9616140952514668,0.9556714942169412,0.9566998952549987,0.0036654423946526397
2.237938721974691,0.060730560393632275,0.04289531707763672,0.001144468501328398,40,4,10,200,"{'max_depth': 40, 'min_samples_leaf': 4, 'min_samples_split': 10, 'n_estimators': 200}",0.7766190439758851,0.7783978746144543,0.7620752365319522,0.7723640517074305,0.007311445269645995,105,0.9505021420624153,0.948202286951723,0.9448236773194116,0.9478427021111834,0.0023321258403072955
4.201903343200684,0.10705755739959623,0.06940166155497234,0.006943674540371301,40,4,10,400,"{'max_depth': 40, 'min_samples_leaf': 4, 'min_samples_split': 10, 'n_estimators': 400}",0.7784180639851115,0.7844846490767433,0.7630756200374718,0.7753261110331088,0.009009504643953944,98,0.9456512149705021,0.9493215559999852,0.9453810171977733,0.9467845960560869,0.0017972898165117845
5.919055700302124,0.19113450140380384,0.17623297373453775,0.004424786578471987,40,4,10,800,"{'max_depth': 40, 'min_samples_leaf': 4, 'min_samples_split': 10, 'n_estimators': 800}",0.784049726369175,0.7835246866372694,0.7517906180925344,0.773121677032993,0.015084859370043988,101,0.9465332657727004,0.9513012866762868,0.9467964893398176,0.9482103472629348,0.002188264381396116
