image,label
gg (410)_glioma_tumor.jpg,0
gg (537)_glioma_tumor.jpg,0
gg (454)_glioma_tumor.jpg,0
gg (457)_glioma_tumor.jpg,0
gg (765)_glioma_tumor.jpg,0
gg (768)_glioma_tumor.jpg,0
gg (526)_glioma_tumor.jpg,0
gg (171)_glioma_tumor.jpg,0
gg (576)_glioma_tumor.jpg,0
gg (83)_glioma_tumor.jpg,0
gg (814)_glioma_tumor.jpg,0
gg (640)_glioma_tumor.jpg,0
gg (322)_glioma_tumor.jpg,0
gg (568)_glioma_tumor.jpg,0
gg (824)_glioma_tumor.jpg,0
gg (744)_glioma_tumor.jpg,0
gg (636)_glioma_tumor.jpg,0
gg (307)_glioma_tumor.jpg,0
gg (498)_glioma_tumor.jpg,0
gg (572)_glioma_tumor.jpg,0
gg (87)_glioma_tumor.jpg,0
gg (427)_glioma_tumor.jpg,0
gg (349)_glioma_tumor.jpg,0
gg (514)_glioma_tumor.jpg,0
gg (489)_glioma_tumor.jpg,0
gg (194)_glioma_tumor.jpg,0
gg (816)_glioma_tumor.jpg,0
gg (468)_glioma_tumor.jpg,0
gg (641)_glioma_tumor.jpg,0
gg (331)_glioma_tumor.jpg,0
gg (252)_glioma_tumor.jpg,0
gg (506)_glioma_tumor.jpg,0
gg (225)_glioma_tumor.jpg,0
gg (813)_glioma_tumor.jpg,0
gg (706)_glioma_tumor.jpg,0
gg (759)_glioma_tumor.jpg,0
gg (49)_glioma_tumor.jpg,0
gg (563)_glioma_tumor.jpg,0
gg (602)_glioma_tumor.jpg,0
gg (392)_glioma_tumor.jpg,0
gg (453)_glioma_tumor.jpg,0
gg (224)_glioma_tumor.jpg,0
gg (809)_glioma_tumor.jpg,0
gg (26)_glioma_tumor.jpg,0
gg (127)_glioma_tumor.jpg,0
gg (574)_glioma_tumor.jpg,0
gg (382)_glioma_tumor.jpg,0
gg (799)_glioma_tumor.jpg,0
gg (216)_glioma_tumor.jpg,0
gg (11)_glioma_tumor.jpg,0
gg (821)_glioma_tumor.jpg,0
gg (277)_glioma_tumor.jpg,0
gg (115)_glioma_tumor.jpg,0
gg (485)_glioma_tumor.jpg,0
gg (810)_glioma_tumor.jpg,0
gg (302)_glioma_tumor.jpg,0
gg (13)_glioma_tumor.jpg,0
gg (580)_glioma_tumor.jpg,0
gg (109)_glioma_tumor.jpg,0
gg (152)_glioma_tumor.jpg,0
gg (288)_glioma_tumor.jpg,0
gg (595)_glioma_tumor.jpg,0
gg (504)_glioma_tumor.jpg,0
gg (598)_glioma_tumor.jpg,0
gg (308)_glioma_tumor.jpg,0
gg (715)_glioma_tumor.jpg,0
gg (63)_glioma_tumor.jpg,0
gg (305)_glioma_tumor.jpg,0
gg (564)_glioma_tumor.jpg,0
gg (559)_glioma_tumor.jpg,0
gg (358)_glioma_tumor.jpg,0
gg (287)_glioma_tumor.jpg,0
gg (126)_glioma_tumor.jpg,0
gg (350)_glioma_tumor.jpg,0
gg (265)_glioma_tumor.jpg,0
gg (734)_glioma_tumor.jpg,0
gg (25)_glioma_tumor.jpg,0
gg (64)_glioma_tumor.jpg,0
gg (116)_glioma_tumor.jpg,0
gg (818)_glioma_tumor.jpg,0
gg (525)_glioma_tumor.jpg,0
gg (339)_glioma_tumor.jpg,0
gg (199)_glioma_tumor.jpg,0
gg (1)_glioma_tumor.jpg,0
gg (377)_glioma_tumor.jpg,0
gg (132)_glioma_tumor.jpg,0
gg (254)_glioma_tumor.jpg,0
gg (781)_glioma_tumor.jpg,0
gg (772)_glioma_tumor.jpg,0
gg (571)_glioma_tumor.jpg,0
gg (326)_glioma_tumor.jpg,0
gg (100)_glioma_tumor.jpg,0
gg (139)_glioma_tumor.jpg,0
gg (425)_glioma_tumor.jpg,0
gg (214)_glioma_tumor.jpg,0
gg (520)_glioma_tumor.jpg,0
gg (150)_glioma_tumor.jpg,0
gg (411)_glioma_tumor.jpg,0
gg (89)_glioma_tumor.jpg,0
gg (296)_glioma_tumor.jpg,0
gg (111)_glioma_tumor.jpg,0
gg (263)_glioma_tumor.jpg,0
gg (12)_glioma_tumor.jpg,0
gg (627)_glioma_tumor.jpg,0
gg (19)_glioma_tumor.jpg,0
gg (250)_glioma_tumor.jpg,0
gg (343)_glioma_tumor.jpg,0
gg (124)_glioma_tumor.jpg,0
gg (210)_glioma_tumor.jpg,0
gg (487)_glioma_tumor.jpg,0
gg (820)_glioma_tumor.jpg,0
gg (606)_glioma_tumor.jpg,0
gg (782)_glioma_tumor.jpg,0
gg (90)_glioma_tumor.jpg,0
gg (211)_glioma_tumor.jpg,0
gg (536)_glioma_tumor.jpg,0
gg (386)_glioma_tumor.jpg,0
gg (424)_glioma_tumor.jpg,0
gg (711)_glioma_tumor.jpg,0
gg (447)_glioma_tumor.jpg,0
gg (681)_glioma_tumor.jpg,0
gg (174)_glioma_tumor.jpg,0
gg (110)_glioma_tumor.jpg,0
gg (776)_glioma_tumor.jpg,0
gg (546)_glioma_tumor.jpg,0
gg (695)_glioma_tumor.jpg,0
gg (665)_glioma_tumor.jpg,0
gg (325)_glioma_tumor.jpg,0
gg (226)_glioma_tumor.jpg,0
gg (794)_glioma_tumor.jpg,0
gg (237)_glioma_tumor.jpg,0
gg (137)_glioma_tumor.jpg,0
gg (760)_glioma_tumor.jpg,0
gg (692)_glioma_tumor.jpg,0
gg (480)_glioma_tumor.jpg,0
gg (105)_glioma_tumor.jpg,0
gg (583)_glioma_tumor.jpg,0
gg (787)_glioma_tumor.jpg,0
gg (733)_glioma_tumor.jpg,0
gg (551)_glioma_tumor.jpg,0
gg (807)_glioma_tumor.jpg,0
gg (330)_glioma_tumor.jpg,0
gg (413)_glioma_tumor.jpg,0
gg (717)_glioma_tumor.jpg,0
gg (456)_glioma_tumor.jpg,0
gg (39)_glioma_tumor.jpg,0
gg (304)_glioma_tumor.jpg,0
gg (662)_glioma_tumor.jpg,0
gg (113)_glioma_tumor.jpg,0
gg (492)_glioma_tumor.jpg,0
gg (280)_glioma_tumor.jpg,0
gg (556)_glioma_tumor.jpg,0
gg (313)_glioma_tumor.jpg,0
gg (707)_glioma_tumor.jpg,0
gg (324)_glioma_tumor.jpg,0
gg (691)_glioma_tumor.jpg,0
gg (752)_glioma_tumor.jpg,0
gg (73)_glioma_tumor.jpg,0
gg (470)_glioma_tumor.jpg,0
gg (52)_glioma_tumor.jpg,0
gg (491)_glioma_tumor.jpg,0
gg (75)_glioma_tumor.jpg,0
gg (523)_glioma_tumor.jpg,0
gg (249)_glioma_tumor.jpg,0
gg (82)_glioma_tumor.jpg,0
gg (709)_glioma_tumor.jpg,0
gg (625)_glioma_tumor.jpg,0
gg (458)_glioma_tumor.jpg,0
gg (312)_glioma_tumor.jpg,0
gg (639)_glioma_tumor.jpg,0
gg (770)_glioma_tumor.jpg,0
gg (165)_glioma_tumor.jpg,0
gg (286)_glioma_tumor.jpg,0
gg (449)_glioma_tumor.jpg,0
gg (757)_glioma_tumor.jpg,0
gg (289)_glioma_tumor.jpg,0
gg (605)_glioma_tumor.jpg,0
gg (291)_glioma_tumor.jpg,0
gg (203)_glioma_tumor.jpg,0
gg (190)_glioma_tumor.jpg,0
gg (133)_glioma_tumor.jpg,0
gg (365)_glioma_tumor.jpg,0
gg (27)_glioma_tumor.jpg,0
gg (501)_glioma_tumor.jpg,0
gg (680)_glioma_tumor.jpg,0
gg (740)_glioma_tumor.jpg,0
gg (363)_glioma_tumor.jpg,0
gg (483)_glioma_tumor.jpg,0
gg (723)_glioma_tumor.jpg,0
gg (579)_glioma_tumor.jpg,0
gg (589)_glioma_tumor.jpg,0
gg (713)_glioma_tumor.jpg,0
gg (399)_glioma_tumor.jpg,0
gg (162)_glioma_tumor.jpg,0
gg (613)_glioma_tumor.jpg,0
gg (745)_glioma_tumor.jpg,0
gg (206)_glioma_tumor.jpg,0
gg (30)_glioma_tumor.jpg,0
gg (161)_glioma_tumor.jpg,0
gg (637)_glioma_tumor.jpg,0
gg (804)_glioma_tumor.jpg,0
gg (735)_glioma_tumor.jpg,0
gg (496)_glioma_tumor.jpg,0
gg (729)_glioma_tumor.jpg,0
gg (754)_glioma_tumor.jpg,0
gg (188)_glioma_tumor.jpg,0
gg (104)_glioma_tumor.jpg,0
gg (444)_glioma_tumor.jpg,0
gg (207)_glioma_tumor.jpg,0
gg (323)_glioma_tumor.jpg,0
gg (554)_glioma_tumor.jpg,0
gg (24)_glioma_tumor.jpg,0
gg (32)_glioma_tumor.jpg,0
gg (705)_glioma_tumor.jpg,0
gg (36)_glioma_tumor.jpg,0
gg (327)_glioma_tumor.jpg,0
gg (676)_glioma_tumor.jpg,0
gg (43)_glioma_tumor.jpg,0
gg (68)_glioma_tumor.jpg,0
gg (381)_glioma_tumor.jpg,0
gg (8)_glioma_tumor.jpg,0
gg (438)_glioma_tumor.jpg,0
gg (54)_glioma_tumor.jpg,0
gg (700)_glioma_tumor.jpg,0
gg (119)_glioma_tumor.jpg,0
gg (777)_glioma_tumor.jpg,0
gg (725)_glioma_tumor.jpg,0
gg (103)_glioma_tumor.jpg,0
gg (567)_glioma_tumor.jpg,0
gg (351)_glioma_tumor.jpg,0
gg (361)_glioma_tumor.jpg,0
gg (495)_glioma_tumor.jpg,0
gg (234)_glioma_tumor.jpg,0
gg (41)_glioma_tumor.jpg,0
gg (622)_glioma_tumor.jpg,0
gg (724)_glioma_tumor.jpg,0
gg (6)_glioma_tumor.jpg,0
gg (65)_glioma_tumor.jpg,0
gg (332)_glioma_tumor.jpg,0
gg (28)_glioma_tumor.jpg,0
gg (290)_glioma_tumor.jpg,0
gg (686)_glioma_tumor.jpg,0
gg (722)_glioma_tumor.jpg,0
gg (248)_glioma_tumor.jpg,0
gg (670)_glioma_tumor.jpg,0
gg (260)_glioma_tumor.jpg,0
gg (779)_glioma_tumor.jpg,0
gg (269)_glioma_tumor.jpg,0
gg (673)_glioma_tumor.jpg,0
gg (379)_glioma_tumor.jpg,0
gg (426)_glioma_tumor.jpg,0
gg (817)_glioma_tumor.jpg,0
gg (822)_glioma_tumor.jpg,0
gg (166)_glioma_tumor.jpg,0
gg (698)_glioma_tumor.jpg,0
gg (118)_glioma_tumor.jpg,0
gg (585)_glioma_tumor.jpg,0
gg (70)_glioma_tumor.jpg,0
gg (716)_glioma_tumor.jpg,0
gg (102)_glioma_tumor.jpg,0
gg (86)_glioma_tumor.jpg,0
gg (462)_glioma_tumor.jpg,0
gg (678)_glioma_tumor.jpg,0
gg (344)_glioma_tumor.jpg,0
gg (242)_glioma_tumor.jpg,0
gg (719)_glioma_tumor.jpg,0
gg (762)_glioma_tumor.jpg,0
gg (92)_glioma_tumor.jpg,0
gg (228)_glioma_tumor.jpg,0
gg (195)_glioma_tumor.jpg,0
gg (314)_glioma_tumor.jpg,0
gg (466)_glioma_tumor.jpg,0
gg (142)_glioma_tumor.jpg,0
gg (545)_glioma_tumor.jpg,0
gg (303)_glioma_tumor.jpg,0
gg (239)_glioma_tumor.jpg,0
gg (353)_glioma_tumor.jpg,0
gg (155)_glioma_tumor.jpg,0
gg (808)_glioma_tumor.jpg,0
gg (690)_glioma_tumor.jpg,0
gg (114)_glioma_tumor.jpg,0
gg (505)_glioma_tumor.jpg,0
gg (689)_glioma_tumor.jpg,0
gg (560)_glioma_tumor.jpg,0
gg (630)_glioma_tumor.jpg,0
gg (555)_glioma_tumor.jpg,0
gg (236)_glioma_tumor.jpg,0
gg (258)_glioma_tumor.jpg,0
gg (654)_glioma_tumor.jpg,0
gg (758)_glioma_tumor.jpg,0
gg (274)_glioma_tumor.jpg,0
gg (79)_glioma_tumor.jpg,0
gg (441)_glioma_tumor.jpg,0
gg (220)_glioma_tumor.jpg,0
gg (55)_glioma_tumor.jpg,0
gg (98)_glioma_tumor.jpg,0
gg (301)_glioma_tumor.jpg,0
gg (570)_glioma_tumor.jpg,0
gg (48)_glioma_tumor.jpg,0
gg (230)_glioma_tumor.jpg,0
gg (33)_glioma_tumor.jpg,0
gg (669)_glioma_tumor.jpg,0
gg (134)_glioma_tumor.jpg,0
gg (393)_glioma_tumor.jpg,0
gg (477)_glioma_tumor.jpg,0
gg (219)_glioma_tumor.jpg,0
gg (371)_glioma_tumor.jpg,0
gg (714)_glioma_tumor.jpg,0
gg (178)_glioma_tumor.jpg,0
gg (333)_glioma_tumor.jpg,0
gg (608)_glioma_tumor.jpg,0
gg (672)_glioma_tumor.jpg,0
gg (372)_glioma_tumor.jpg,0
gg (78)_glioma_tumor.jpg,0
gg (527)_glioma_tumor.jpg,0
gg (677)_glioma_tumor.jpg,0
gg (122)_glioma_tumor.jpg,0
gg (481)_glioma_tumor.jpg,0
gg (611)_glioma_tumor.jpg,0
gg (805)_glioma_tumor.jpg,0
gg (47)_glioma_tumor.jpg,0
gg (60)_glioma_tumor.jpg,0
gg (154)_glioma_tumor.jpg,0
gg (81)_glioma_tumor.jpg,0
gg (148)_glioma_tumor.jpg,0
gg (784)_glioma_tumor.jpg,0
gg (621)_glioma_tumor.jpg,0
gg (795)_glioma_tumor.jpg,0
gg (771)_glioma_tumor.jpg,0
gg (416)_glioma_tumor.jpg,0
gg (191)_glioma_tumor.jpg,0
gg (518)_glioma_tumor.jpg,0
gg (253)_glioma_tumor.jpg,0
gg (494)_glioma_tumor.jpg,0
gg (384)_glioma_tumor.jpg,0
gg (366)_glioma_tumor.jpg,0
gg (364)_glioma_tumor.jpg,0
gg (688)_glioma_tumor.jpg,0
gg (535)_glioma_tumor.jpg,0
gg (15)_glioma_tumor.jpg,0
gg (510)_glioma_tumor.jpg,0
gg (319)_glioma_tumor.jpg,0
gg (172)_glioma_tumor.jpg,0
gg (661)_glioma_tumor.jpg,0
gg (348)_glioma_tumor.jpg,0
gg (66)_glioma_tumor.jpg,0
gg (785)_glioma_tumor.jpg,0
gg (355)_glioma_tumor.jpg,0
gg (369)_glioma_tumor.jpg,0
gg (493)_glioma_tumor.jpg,0
gg (490)_glioma_tumor.jpg,0
gg (198)_glioma_tumor.jpg,0
gg (44)_glioma_tumor.jpg,0
gg (138)_glioma_tumor.jpg,0
gg (388)_glioma_tumor.jpg,0
gg (272)_glioma_tumor.jpg,0
gg (761)_glioma_tumor.jpg,0
gg (130)_glioma_tumor.jpg,0
gg (88)_glioma_tumor.jpg,0
gg (293)_glioma_tumor.jpg,0
gg (826)_glioma_tumor.jpg,0
gg (107)_glioma_tumor.jpg,0
gg (209)_glioma_tumor.jpg,0
gg (780)_glioma_tumor.jpg,0
gg (718)_glioma_tumor.jpg,0
gg (609)_glioma_tumor.jpg,0
gg (553)_glioma_tumor.jpg,0
gg (16)_glioma_tumor.jpg,0
gg (182)_glioma_tumor.jpg,0
gg (14)_glioma_tumor.jpg,0
gg (297)_glioma_tumor.jpg,0
gg (310)_glioma_tumor.jpg,0
gg (778)_glioma_tumor.jpg,0
gg (732)_glioma_tumor.jpg,0
gg (802)_glioma_tumor.jpg,0
gg (123)_glioma_tumor.jpg,0
gg (614)_glioma_tumor.jpg,0
gg (789)_glioma_tumor.jpg,0
gg (153)_glioma_tumor.jpg,0
gg (167)_glioma_tumor.jpg,0
gg (812)_glioma_tumor.jpg,0
gg (435)_glioma_tumor.jpg,0
gg (573)_glioma_tumor.jpg,0
gg (240)_glioma_tumor.jpg,0
gg (160)_glioma_tumor.jpg,0
gg (266)_glioma_tumor.jpg,0
gg (694)_glioma_tumor.jpg,0
gg (803)_glioma_tumor.jpg,0
gg (405)_glioma_tumor.jpg,0
gg (246)_glioma_tumor.jpg,0
gg (22)_glioma_tumor.jpg,0
gg (101)_glioma_tumor.jpg,0
gg (541)_glioma_tumor.jpg,0
gg (375)_glioma_tumor.jpg,0
gg (655)_glioma_tumor.jpg,0
gg (791)_glioma_tumor.jpg,0
gg (635)_glioma_tumor.jpg,0
gg (360)_glioma_tumor.jpg,0
gg (783)_glioma_tumor.jpg,0
gg (588)_glioma_tumor.jpg,0
gg (128)_glioma_tumor.jpg,0
gg (72)_glioma_tumor.jpg,0
gg (261)_glioma_tumor.jpg,0
gg (739)_glioma_tumor.jpg,0
gg (513)_glioma_tumor.jpg,0
gg (600)_glioma_tumor.jpg,0
gg (440)_glioma_tumor.jpg,0
gg (464)_glioma_tumor.jpg,0
gg (741)_glioma_tumor.jpg,0
gg (193)_glioma_tumor.jpg,0
gg (607)_glioma_tumor.jpg,0
gg (429)_glioma_tumor.jpg,0
gg (746)_glioma_tumor.jpg,0
gg (179)_glioma_tumor.jpg,0
gg (267)_glioma_tumor.jpg,0
gg (806)_glioma_tumor.jpg,0
gg (146)_glioma_tumor.jpg,0
gg (647)_glioma_tumor.jpg,0
gg (825)_glioma_tumor.jpg,0
gg (516)_glioma_tumor.jpg,0
gg (683)_glioma_tumor.jpg,0
gg (469)_glioma_tumor.jpg,0
gg (59)_glioma_tumor.jpg,0
gg (823)_glioma_tumor.jpg,0
gg (149)_glioma_tumor.jpg,0
gg (610)_glioma_tumor.jpg,0
gg (737)_glioma_tumor.jpg,0
gg (497)_glioma_tumor.jpg,0
gg (373)_glioma_tumor.jpg,0
gg (157)_glioma_tumor.jpg,0
gg (401)_glioma_tumor.jpg,0
gg (679)_glioma_tumor.jpg,0
gg (143)_glioma_tumor.jpg,0
gg (728)_glioma_tumor.jpg,0
gg (620)_glioma_tumor.jpg,0
gg (320)_glioma_tumor.jpg,0
gg (684)_glioma_tumor.jpg,0
gg (465)_glioma_tumor.jpg,0
gg (37)_glioma_tumor.jpg,0
gg (231)_glioma_tumor.jpg,0
gg (774)_glioma_tumor.jpg,0
gg (710)_glioma_tumor.jpg,0
gg (542)_glioma_tumor.jpg,0
gg (578)_glioma_tumor.jpg,0
gg (586)_glioma_tumor.jpg,0
gg (278)_glioma_tumor.jpg,0
gg (275)_glioma_tumor.jpg,0
gg (184)_glioma_tumor.jpg,0
gg (663)_glioma_tumor.jpg,0
gg (658)_glioma_tumor.jpg,0
gg (488)_glioma_tumor.jpg,0
gg (699)_glioma_tumor.jpg,0
gg (819)_glioma_tumor.jpg,0
gg (511)_glioma_tumor.jpg,0
gg (20)_glioma_tumor.jpg,0
gg (40)_glioma_tumor.jpg,0
gg (696)_glioma_tumor.jpg,0
gg (29)_glioma_tumor.jpg,0
gg (259)_glioma_tumor.jpg,0
gg (433)_glioma_tumor.jpg,0
gg (181)_glioma_tumor.jpg,0
gg (617)_glioma_tumor.jpg,0
gg (408)_glioma_tumor.jpg,0
gg (378)_glioma_tumor.jpg,0
gg (409)_glioma_tumor.jpg,0
gg (704)_glioma_tumor.jpg,0
gg (212)_glioma_tumor.jpg,0
gg (141)_glioma_tumor.jpg,0
gg (581)_glioma_tumor.jpg,0
gg (786)_glioma_tumor.jpg,0
gg (755)_glioma_tumor.jpg,0
gg (467)_glioma_tumor.jpg,0
gg (345)_glioma_tumor.jpg,0
gg (337)_glioma_tumor.jpg,0
gg (374)_glioma_tumor.jpg,0
gg (235)_glioma_tumor.jpg,0
gg (471)_glioma_tumor.jpg,0
gg (202)_glioma_tumor.jpg,0
gg (362)_glioma_tumor.jpg,0
gg (721)_glioma_tumor.jpg,0
gg (218)_glioma_tumor.jpg,0
gg (318)_glioma_tumor.jpg,0
gg (35)_glioma_tumor.jpg,0
gg (593)_glioma_tumor.jpg,0
gg (232)_glioma_tumor.jpg,0
gg (398)_glioma_tumor.jpg,0
gg (550)_glioma_tumor.jpg,0
gg (431)_glioma_tumor.jpg,0
gg (531)_glioma_tumor.jpg,0
gg (197)_glioma_tumor.jpg,0
gg (389)_glioma_tumor.jpg,0
gg (532)_glioma_tumor.jpg,0
gg (624)_glioma_tumor.jpg,0
gg (478)_glioma_tumor.jpg,0
gg (227)_glioma_tumor.jpg,0
gg (547)_glioma_tumor.jpg,0
gg (461)_glioma_tumor.jpg,0
gg (612)_glioma_tumor.jpg,0
gg (357)_glioma_tumor.jpg,0
gg (463)_glioma_tumor.jpg,0
gg (623)_glioma_tumor.jpg,0
gg (321)_glioma_tumor.jpg,0
gg (455)_glioma_tumor.jpg,0
gg (592)_glioma_tumor.jpg,0
gg (590)_glioma_tumor.jpg,0
gg (509)_glioma_tumor.jpg,0
gg (95)_glioma_tumor.jpg,0
gg (651)_glioma_tumor.jpg,0
gg (664)_glioma_tumor.jpg,0
gg (94)_glioma_tumor.jpg,0
gg (205)_glioma_tumor.jpg,0
gg (62)_glioma_tumor.jpg,0
gg (543)_glioma_tumor.jpg,0
gg (790)_glioma_tumor.jpg,0
gg (594)_glioma_tumor.jpg,0
gg (273)_glioma_tumor.jpg,0
gg (766)_glioma_tumor.jpg,0
gg (474)_glioma_tumor.jpg,0
gg (380)_glioma_tumor.jpg,0
gg (528)_glioma_tumor.jpg,0
gg (552)_glioma_tumor.jpg,0
gg (342)_glioma_tumor.jpg,0
gg (798)_glioma_tumor.jpg,0
gg (736)_glioma_tumor.jpg,0
gg (400)_glioma_tumor.jpg,0
gg (750)_glioma_tumor.jpg,0
gg (31)_glioma_tumor.jpg,0
gg (502)_glioma_tumor.jpg,0
gg (185)_glioma_tumor.jpg,0
gg (215)_glioma_tumor.jpg,0
gg (306)_glioma_tumor.jpg,0
gg (221)_glioma_tumor.jpg,0
gg (189)_glioma_tumor.jpg,0
gg (727)_glioma_tumor.jpg,0
gg (597)_glioma_tumor.jpg,0
gg (121)_glioma_tumor.jpg,0
gg (558)_glioma_tumor.jpg,0
gg (512)_glioma_tumor.jpg,0
gg (151)_glioma_tumor.jpg,0
gg (51)_glioma_tumor.jpg,0
gg (451)_glioma_tumor.jpg,0
gg (4)_glioma_tumor.jpg,0
gg (317)_glioma_tumor.jpg,0
gg (503)_glioma_tumor.jpg,0
gg (125)_glioma_tumor.jpg,0
gg (629)_glioma_tumor.jpg,0
gg (387)_glioma_tumor.jpg,0
gg (544)_glioma_tumor.jpg,0
gg (299)_glioma_tumor.jpg,0
gg (58)_glioma_tumor.jpg,0
gg (575)_glioma_tumor.jpg,0
gg (475)_glioma_tumor.jpg,0
gg (407)_glioma_tumor.jpg,0
gg (769)_glioma_tumor.jpg,0
gg (164)_glioma_tumor.jpg,0
gg (403)_glioma_tumor.jpg,0
gg (515)_glioma_tumor.jpg,0
gg (557)_glioma_tumor.jpg,0
gg (815)_glioma_tumor.jpg,0
gg (634)_glioma_tumor.jpg,0
gg (626)_glioma_tumor.jpg,0
gg (538)_glioma_tumor.jpg,0
gg (106)_glioma_tumor.jpg,0
gg (436)_glioma_tumor.jpg,0
gg (434)_glioma_tumor.jpg,0
gg (17)_glioma_tumor.jpg,0
gg (359)_glioma_tumor.jpg,0
gg (402)_glioma_tumor.jpg,0
gg (255)_glioma_tumor.jpg,0
gg (397)_glioma_tumor.jpg,0
gg (767)_glioma_tumor.jpg,0
gg (395)_glioma_tumor.jpg,0
gg (46)_glioma_tumor.jpg,0
gg (763)_glioma_tumor.jpg,0
gg (643)_glioma_tumor.jpg,0
gg (368)_glioma_tumor.jpg,0
gg (257)_glioma_tumor.jpg,0
gg (703)_glioma_tumor.jpg,0
gg (748)_glioma_tumor.jpg,0
gg (596)_glioma_tumor.jpg,0
gg (726)_glioma_tumor.jpg,0
gg (628)_glioma_tumor.jpg,0
gg (418)_glioma_tumor.jpg,0
gg (336)_glioma_tumor.jpg,0
gg (315)_glioma_tumor.jpg,0
gg (619)_glioma_tumor.jpg,0
gg (587)_glioma_tumor.jpg,0
gg (80)_glioma_tumor.jpg,0
gg (811)_glioma_tumor.jpg,0
gg (340)_glioma_tumor.jpg,0
gg (175)_glioma_tumor.jpg,0
gg (682)_glioma_tumor.jpg,0
gg (415)_glioma_tumor.jpg,0
gg (158)_glioma_tumor.jpg,0
gg (238)_glioma_tumor.jpg,0
gg (650)_glioma_tumor.jpg,0
gg (659)_glioma_tumor.jpg,0
gg (618)_glioma_tumor.jpg,0
gg (562)_glioma_tumor.jpg,0
gg (170)_glioma_tumor.jpg,0
gg (753)_glioma_tumor.jpg,0
gg (187)_glioma_tumor.jpg,0
gg (247)_glioma_tumor.jpg,0
gg (473)_glioma_tumor.jpg,0
gg (385)_glioma_tumor.jpg,0
gg (117)_glioma_tumor.jpg,0
gg (460)_glioma_tumor.jpg,0
gg (671)_glioma_tumor.jpg,0
gg (99)_glioma_tumor.jpg,0
gg (298)_glioma_tumor.jpg,0
gg (484)_glioma_tumor.jpg,0
gg (529)_glioma_tumor.jpg,0
gg (168)_glioma_tumor.jpg,0
gg (712)_glioma_tumor.jpg,0
gg (208)_glioma_tumor.jpg,0
gg (42)_glioma_tumor.jpg,0
gg (674)_glioma_tumor.jpg,0
gg (446)_glioma_tumor.jpg,0
gg (800)_glioma_tumor.jpg,0
gg (3)_glioma_tumor.jpg,0
gg (631)_glioma_tumor.jpg,0
gg (85)_glioma_tumor.jpg,0
gg (442)_glioma_tumor.jpg,0
gg (524)_glioma_tumor.jpg,0
gg (316)_glioma_tumor.jpg,0
gg (335)_glioma_tumor.jpg,0
gg (519)_glioma_tumor.jpg,0
gg (582)_glioma_tumor.jpg,0
gg (452)_glioma_tumor.jpg,0
gg (450)_glioma_tumor.jpg,0
gg (346)_glioma_tumor.jpg,0
gg (422)_glioma_tumor.jpg,0
gg (383)_glioma_tumor.jpg,0
gg (419)_glioma_tumor.jpg,0
gg (443)_glioma_tumor.jpg,0
gg (271)_glioma_tumor.jpg,0
gg (445)_glioma_tumor.jpg,0
gg (163)_glioma_tumor.jpg,0
gg (486)_glioma_tumor.jpg,0
gg (223)_glioma_tumor.jpg,0
gg (539)_glioma_tumor.jpg,0
gg (145)_glioma_tumor.jpg,0
gg (196)_glioma_tumor.jpg,0
gg (533)_glioma_tumor.jpg,0
gg (708)_glioma_tumor.jpg,0
gg (653)_glioma_tumor.jpg,0
gg (428)_glioma_tumor.jpg,0
gg (591)_glioma_tumor.jpg,0
gg (577)_glioma_tumor.jpg,0
gg (245)_glioma_tumor.jpg,0
gg (244)_glioma_tumor.jpg,0
gg (601)_glioma_tumor.jpg,0
gg (479)_glioma_tumor.jpg,0
gg (284)_glioma_tumor.jpg,0
gg (329)_glioma_tumor.jpg,0
gg (702)_glioma_tumor.jpg,0
gg (775)_glioma_tumor.jpg,0
gg (615)_glioma_tumor.jpg,0
gg (476)_glioma_tumor.jpg,0
gg (656)_glioma_tumor.jpg,0
gg (264)_glioma_tumor.jpg,0
m2 (24)_meningioma_tumor.jpg,1
m (102)_meningioma_tumor.jpg,1
m3 (24)_meningioma_tumor.jpg,1
m (191)_meningioma_tumor.jpg,1
m3 (100)_meningioma_tumor.jpg,1
m3 (179)_meningioma_tumor.jpg,1
m3 (231)_meningioma_tumor.jpg,1
m2 (10)_meningioma_tumor.jpg,1
m (82)_meningioma_tumor.jpg,1
m2 (13)_meningioma_tumor.jpg,1
m3 (165)_meningioma_tumor.jpg,1
m (119)_meningioma_tumor.jpg,1
m3 (227)_meningioma_tumor.jpg,1
m1(5)_meningioma_tumor.jpg,1
m2 (118)_meningioma_tumor.jpg,1
m2 (71)_meningioma_tumor.jpg,1
m1(17)_meningioma_tumor.jpg,1
m (73)_meningioma_tumor.jpg,1
m2 (142)_meningioma_tumor.jpg,1
m (21)_meningioma_tumor.jpg,1
m3 (80)_meningioma_tumor.jpg,1
m1(94)_meningioma_tumor.jpg,1
m (11)_meningioma_tumor.jpg,1
m2 (53)_meningioma_tumor.jpg,1
m3 (201)_meningioma_tumor.jpg,1
m (20)_meningioma_tumor.jpg,1
m2 (134)_meningioma_tumor.jpg,1
m3 (135)_meningioma_tumor.jpg,1
m2 (50)_meningioma_tumor.jpg,1
m3 (101)_meningioma_tumor.jpg,1
m (42)_meningioma_tumor.jpg,1
m (135)_meningioma_tumor.jpg,1
m (93)_meningioma_tumor.jpg,1
m1(9)_meningioma_tumor.jpg,1
m (7)_meningioma_tumor.jpg,1
m (176)_meningioma_tumor.jpg,1
m2 (43)_meningioma_tumor.jpg,1
m1(10)_meningioma_tumor.jpg,1
m3 (172)_meningioma_tumor.jpg,1
m2 (152)_meningioma_tumor.jpg,1
m1(198)_meningioma_tumor.jpg,1
m3 (7)_meningioma_tumor.jpg,1
m1(190)_meningioma_tumor.jpg,1
m2 (177)_meningioma_tumor.jpg,1
m2 (176)_meningioma_tumor.jpg,1
m3 (115)_meningioma_tumor.jpg,1
m (85)_meningioma_tumor.jpg,1
m3 (156)_meningioma_tumor.jpg,1
m2 (127)_meningioma_tumor.jpg,1
m2 (164)_meningioma_tumor.jpg,1
m1(65)_meningioma_tumor.jpg,1
m3 (140)_meningioma_tumor.jpg,1
m (158)_meningioma_tumor.jpg,1
m (5)_meningioma_tumor.jpg,1
m1(132)_meningioma_tumor.jpg,1
m3 (46)_meningioma_tumor.jpg,1
m2 (173)_meningioma_tumor.jpg,1
m3 (34)_meningioma_tumor.jpg,1
m2 (55)_meningioma_tumor.jpg,1
m1(62)_meningioma_tumor.jpg,1
m (113)_meningioma_tumor.jpg,1
m1(4)_meningioma_tumor.jpg,1
m3 (178)_meningioma_tumor.jpg,1
m (59)_meningioma_tumor.jpg,1
m (19)_meningioma_tumor.jpg,1
m1(172)_meningioma_tumor.jpg,1
m1(120)_meningioma_tumor.jpg,1
m3 (167)_meningioma_tumor.jpg,1
m3 (94)_meningioma_tumor.jpg,1
m3 (69)_meningioma_tumor.jpg,1
m (39)_meningioma_tumor.jpg,1
m2 (99)_meningioma_tumor.jpg,1
m (112)_meningioma_tumor.jpg,1
m2 (136)_meningioma_tumor.jpg,1
m1(163)_meningioma_tumor.jpg,1
m (95)_meningioma_tumor.jpg,1
m3 (110)_meningioma_tumor.jpg,1
m2 (62)_meningioma_tumor.jpg,1
m2 (44)_meningioma_tumor.jpg,1
m1(162)_meningioma_tumor.jpg,1
m3 (125)_meningioma_tumor.jpg,1
m1(160)_meningioma_tumor.jpg,1
m1(95)_meningioma_tumor.jpg,1
m2 (30)_meningioma_tumor.jpg,1
m3 (63)_meningioma_tumor.jpg,1
m2 (64)_meningioma_tumor.jpg,1
m3 (243)_meningioma_tumor.jpg,1
m3 (56)_meningioma_tumor.jpg,1
m (28)_meningioma_tumor.jpg,1
m3 (229)_meningioma_tumor.jpg,1
m (36)_meningioma_tumor.jpg,1
m (25)_meningioma_tumor.jpg,1
m (45)_meningioma_tumor.jpg,1
m2 (135)_meningioma_tumor.jpg,1
m2 (27)_meningioma_tumor.jpg,1
m3 (228)_meningioma_tumor.jpg,1
m1(48)_meningioma_tumor.jpg,1
m1(114)_meningioma_tumor.jpg,1
m2 (114)_meningioma_tumor.jpg,1
m1(194)_meningioma_tumor.jpg,1
m3 (192)_meningioma_tumor.jpg,1
m3 (247)_meningioma_tumor.jpg,1
m1(159)_meningioma_tumor.jpg,1
m2 (115)_meningioma_tumor.jpg,1
m1(135)_meningioma_tumor.jpg,1
m3 (43)_meningioma_tumor.jpg,1
m1(173)_meningioma_tumor.jpg,1
m (167)_meningioma_tumor.jpg,1
m2 (3)_meningioma_tumor.jpg,1
m3 (90)_meningioma_tumor.jpg,1
m2 (2)_meningioma_tumor.jpg,1
m1(58)_meningioma_tumor.jpg,1
m1(53)_meningioma_tumor.jpg,1
m2 (131)_meningioma_tumor.jpg,1
m2 (21)_meningioma_tumor.jpg,1
m2 (154)_meningioma_tumor.jpg,1
m3 (216)_meningioma_tumor.jpg,1
m2 (143)_meningioma_tumor.jpg,1
m1(46)_meningioma_tumor.jpg,1
m3 (221)_meningioma_tumor.jpg,1
m3 (51)_meningioma_tumor.jpg,1
m (183)_meningioma_tumor.jpg,1
m1(112)_meningioma_tumor.jpg,1
m2 (23)_meningioma_tumor.jpg,1
m3 (193)_meningioma_tumor.jpg,1
m2 (172)_meningioma_tumor.jpg,1
m3 (116)_meningioma_tumor.jpg,1
m (43)_meningioma_tumor.jpg,1
m (65)_meningioma_tumor.jpg,1
m2 (97)_meningioma_tumor.jpg,1
m3 (87)_meningioma_tumor.jpg,1
m1(177)_meningioma_tumor.jpg,1
m (68)_meningioma_tumor.jpg,1
m1(110)_meningioma_tumor.jpg,1
m3 (1)_meningioma_tumor.jpg,1
m (26)_meningioma_tumor.jpg,1
m1(51)_meningioma_tumor.jpg,1
m3 (168)_meningioma_tumor.jpg,1
m3 (117)_meningioma_tumor.jpg,1
m (48)_meningioma_tumor.jpg,1
m1(144)_meningioma_tumor.jpg,1
m3 (88)_meningioma_tumor.jpg,1
m1(90)_meningioma_tumor.jpg,1
m (34)_meningioma_tumor.jpg,1
m1(121)_meningioma_tumor.jpg,1
m (30)_meningioma_tumor.jpg,1
m1(168)_meningioma_tumor.jpg,1
m1(186)_meningioma_tumor.jpg,1
m3 (112)_meningioma_tumor.jpg,1
m (198)_meningioma_tumor.jpg,1
m1(143)_meningioma_tumor.jpg,1
m2 (93)_meningioma_tumor.jpg,1
m3 (65)_meningioma_tumor.jpg,1
m (126)_meningioma_tumor.jpg,1
m (123)_meningioma_tumor.jpg,1
m (72)_meningioma_tumor.jpg,1
m2 (91)_meningioma_tumor.jpg,1
m1(155)_meningioma_tumor.jpg,1
m (6)_meningioma_tumor.jpg,1
m1(29)_meningioma_tumor.jpg,1
m2 (86)_meningioma_tumor.jpg,1
m1(100)_meningioma_tumor.jpg,1
m3 (181)_meningioma_tumor.jpg,1
m3 (187)_meningioma_tumor.jpg,1
m2 (41)_meningioma_tumor.jpg,1
m3 (39)_meningioma_tumor.jpg,1
m2 (33)_meningioma_tumor.jpg,1
m3 (175)_meningioma_tumor.jpg,1
m3 (171)_meningioma_tumor.jpg,1
m1(128)_meningioma_tumor.jpg,1
m2 (12)_meningioma_tumor.jpg,1
m3 (142)_meningioma_tumor.jpg,1
m (94)_meningioma_tumor.jpg,1
m (154)_meningioma_tumor.jpg,1
m3 (55)_meningioma_tumor.jpg,1
m3 (40)_meningioma_tumor.jpg,1
m1(157)_meningioma_tumor.jpg,1
m3 (108)_meningioma_tumor.jpg,1
m1(139)_meningioma_tumor.jpg,1
m3 (132)_meningioma_tumor.jpg,1
m2 (4)_meningioma_tumor.jpg,1
m3 (52)_meningioma_tumor.jpg,1
m (70)_meningioma_tumor.jpg,1
m1(103)_meningioma_tumor.jpg,1
m (54)_meningioma_tumor.jpg,1
m1(199)_meningioma_tumor.jpg,1
m3 (89)_meningioma_tumor.jpg,1
m2 (75)_meningioma_tumor.jpg,1
m3 (161)_meningioma_tumor.jpg,1
m (63)_meningioma_tumor.jpg,1
m3 (122)_meningioma_tumor.jpg,1
m3 (93)_meningioma_tumor.jpg,1
m1(26)_meningioma_tumor.jpg,1
m (46)_meningioma_tumor.jpg,1
m1(35)_meningioma_tumor.jpg,1
m (200)_meningioma_tumor.jpg,1
m2 (120)_meningioma_tumor.jpg,1
m1(91)_meningioma_tumor.jpg,1
m3 (48)_meningioma_tumor.jpg,1
m (162)_meningioma_tumor.jpg,1
m1(129)_meningioma_tumor.jpg,1
m3 (66)_meningioma_tumor.jpg,1
m2 (74)_meningioma_tumor.jpg,1
m3 (76)_meningioma_tumor.jpg,1
m1(99)_meningioma_tumor.jpg,1
m1(181)_meningioma_tumor.jpg,1
m2 (49)_meningioma_tumor.jpg,1
m1(24)_meningioma_tumor.jpg,1
m2 (105)_meningioma_tumor.jpg,1
m1(167)_meningioma_tumor.jpg,1
m (181)_meningioma_tumor.jpg,1
m3 (176)_meningioma_tumor.jpg,1
m1(21)_meningioma_tumor.jpg,1
m2 (129)_meningioma_tumor.jpg,1
m (182)_meningioma_tumor.jpg,1
m1(188)_meningioma_tumor.jpg,1
m3 (107)_meningioma_tumor.jpg,1
m (4)_meningioma_tumor.jpg,1
m1(201)_meningioma_tumor.jpg,1
m2 (17)_meningioma_tumor.jpg,1
m1(138)_meningioma_tumor.jpg,1
m3 (27)_meningioma_tumor.jpg,1
m (14)_meningioma_tumor.jpg,1
m2 (111)_meningioma_tumor.jpg,1
m (120)_meningioma_tumor.jpg,1
m (150)_meningioma_tumor.jpg,1
m (83)_meningioma_tumor.jpg,1
m (23)_meningioma_tumor.jpg,1
m1(93)_meningioma_tumor.jpg,1
m1(33)_meningioma_tumor.jpg,1
m1(117)_meningioma_tumor.jpg,1
m (168)_meningioma_tumor.jpg,1
m1(28)_meningioma_tumor.jpg,1
m (111)_meningioma_tumor.jpg,1
m3 (12)_meningioma_tumor.jpg,1
m1(64)_meningioma_tumor.jpg,1
m (105)_meningioma_tumor.jpg,1
m3 (196)_meningioma_tumor.jpg,1
m1(55)_meningioma_tumor.jpg,1
m1(77)_meningioma_tumor.jpg,1
m1(183)_meningioma_tumor.jpg,1
m1(11)_meningioma_tumor.jpg,1
m2 (52)_meningioma_tumor.jpg,1
m1(161)_meningioma_tumor.jpg,1
m1(66)_meningioma_tumor.jpg,1
m (89)_meningioma_tumor.jpg,1
m2 (29)_meningioma_tumor.jpg,1
m2 (79)_meningioma_tumor.jpg,1
m1(126)_meningioma_tumor.jpg,1
m2 (68)_meningioma_tumor.jpg,1
m (170)_meningioma_tumor.jpg,1
m (145)_meningioma_tumor.jpg,1
m1(43)_meningioma_tumor.jpg,1
m2 (59)_meningioma_tumor.jpg,1
m (44)_meningioma_tumor.jpg,1
m2 (88)_meningioma_tumor.jpg,1
m3 (97)_meningioma_tumor.jpg,1
m (118)_meningioma_tumor.jpg,1
m1(39)_meningioma_tumor.jpg,1
m2 (145)_meningioma_tumor.jpg,1
m (77)_meningioma_tumor.jpg,1
m1(169)_meningioma_tumor.jpg,1
m1(86)_meningioma_tumor.jpg,1
m (90)_meningioma_tumor.jpg,1
m3 (50)_meningioma_tumor.jpg,1
m1(191)_meningioma_tumor.jpg,1
m1(179)_meningioma_tumor.jpg,1
m (56)_meningioma_tumor.jpg,1
m3 (164)_meningioma_tumor.jpg,1
m2 (1)_meningioma_tumor.jpg,1
m (86)_meningioma_tumor.jpg,1
m (35)_meningioma_tumor.jpg,1
m (64)_meningioma_tumor.jpg,1
m3 (20)_meningioma_tumor.jpg,1
m1(193)_meningioma_tumor.jpg,1
m3 (224)_meningioma_tumor.jpg,1
m1(106)_meningioma_tumor.jpg,1
m (13)_meningioma_tumor.jpg,1
m2 (76)_meningioma_tumor.jpg,1
m2 (54)_meningioma_tumor.jpg,1
m2 (162)_meningioma_tumor.jpg,1
m (194)_meningioma_tumor.jpg,1
m3 (86)_meningioma_tumor.jpg,1
m3 (32)_meningioma_tumor.jpg,1
m (78)_meningioma_tumor.jpg,1
m3 (205)_meningioma_tumor.jpg,1
m3 (177)_meningioma_tumor.jpg,1
m3 (96)_meningioma_tumor.jpg,1
m1(178)_meningioma_tumor.jpg,1
m1(34)_meningioma_tumor.jpg,1
m1(7)_meningioma_tumor.jpg,1
m3 (98)_meningioma_tumor.jpg,1
m2 (80)_meningioma_tumor.jpg,1
m3 (58)_meningioma_tumor.jpg,1
m (146)_meningioma_tumor.jpg,1
m3 (222)_meningioma_tumor.jpg,1
m3 (219)_meningioma_tumor.jpg,1
m2 (133)_meningioma_tumor.jpg,1
m1(180)_meningioma_tumor.jpg,1
m2 (65)_meningioma_tumor.jpg,1
m (9)_meningioma_tumor.jpg,1
m2 (126)_meningioma_tumor.jpg,1
m2 (161)_meningioma_tumor.jpg,1
m (173)_meningioma_tumor.jpg,1
m2 (77)_meningioma_tumor.jpg,1
m2 (150)_meningioma_tumor.jpg,1
m (143)_meningioma_tumor.jpg,1
m (88)_meningioma_tumor.jpg,1
m (110)_meningioma_tumor.jpg,1
m3 (61)_meningioma_tumor.jpg,1
m (99)_meningioma_tumor.jpg,1
m (144)_meningioma_tumor.jpg,1
m (149)_meningioma_tumor.jpg,1
m2 (112)_meningioma_tumor.jpg,1
m2 (32)_meningioma_tumor.jpg,1
m1(136)_meningioma_tumor.jpg,1
m (62)_meningioma_tumor.jpg,1
m3 (235)_meningioma_tumor.jpg,1
m1(149)_meningioma_tumor.jpg,1
m3 (130)_meningioma_tumor.jpg,1
m (29)_meningioma_tumor.jpg,1
m (24)_meningioma_tumor.jpg,1
m2 (144)_meningioma_tumor.jpg,1
m1(23)_meningioma_tumor.jpg,1
m (22)_meningioma_tumor.jpg,1
m (185)_meningioma_tumor.jpg,1
m (166)_meningioma_tumor.jpg,1
m1(37)_meningioma_tumor.jpg,1
m (79)_meningioma_tumor.jpg,1
m3 (189)_meningioma_tumor.jpg,1
m (97)_meningioma_tumor.jpg,1
m3 (236)_meningioma_tumor.jpg,1
m2 (8)_meningioma_tumor.jpg,1
m (108)_meningioma_tumor.jpg,1
m (160)_meningioma_tumor.jpg,1
m1(107)_meningioma_tumor.jpg,1
m2 (155)_meningioma_tumor.jpg,1
m (127)_meningioma_tumor.jpg,1
m3 (127)_meningioma_tumor.jpg,1
m3 (121)_meningioma_tumor.jpg,1
m3 (49)_meningioma_tumor.jpg,1
m2 (156)_meningioma_tumor.jpg,1
m (101)_meningioma_tumor.jpg,1
m2 (37)_meningioma_tumor.jpg,1
m3 (195)_meningioma_tumor.jpg,1
m1(75)_meningioma_tumor.jpg,1
m1(45)_meningioma_tumor.jpg,1
m1(118)_meningioma_tumor.jpg,1
m1(111)_meningioma_tumor.jpg,1
m (31)_meningioma_tumor.jpg,1
m3 (188)_meningioma_tumor.jpg,1
m3 (226)_meningioma_tumor.jpg,1
m3 (67)_meningioma_tumor.jpg,1
m1(202)_meningioma_tumor.jpg,1
m1(116)_meningioma_tumor.jpg,1
m2 (73)_meningioma_tumor.jpg,1
m1(82)_meningioma_tumor.jpg,1
m1(70)_meningioma_tumor.jpg,1
m1(156)_meningioma_tumor.jpg,1
m (159)_meningioma_tumor.jpg,1
m (142)_meningioma_tumor.jpg,1
m3 (245)_meningioma_tumor.jpg,1
m3 (28)_meningioma_tumor.jpg,1
m3 (148)_meningioma_tumor.jpg,1
m3 (232)_meningioma_tumor.jpg,1
m2 (19)_meningioma_tumor.jpg,1
m (186)_meningioma_tumor.jpg,1
m2 (40)_meningioma_tumor.jpg,1
m1(40)_meningioma_tumor.jpg,1
m3 (141)_meningioma_tumor.jpg,1
m3 (22)_meningioma_tumor.jpg,1
m1(108)_meningioma_tumor.jpg,1
m3 (207)_meningioma_tumor.jpg,1
m (76)_meningioma_tumor.jpg,1
m1(124)_meningioma_tumor.jpg,1
m1(165)_meningioma_tumor.jpg,1
m1(85)_meningioma_tumor.jpg,1
m1(36)_meningioma_tumor.jpg,1
m3 (60)_meningioma_tumor.jpg,1
m3 (163)_meningioma_tumor.jpg,1
m (130)_meningioma_tumor.jpg,1
m (49)_meningioma_tumor.jpg,1
m1(101)_meningioma_tumor.jpg,1
m2 (174)_meningioma_tumor.jpg,1
m2 (67)_meningioma_tumor.jpg,1
m (139)_meningioma_tumor.jpg,1
m (169)_meningioma_tumor.jpg,1
m3 (72)_meningioma_tumor.jpg,1
m (100)_meningioma_tumor.jpg,1
m (27)_meningioma_tumor.jpg,1
m (148)_meningioma_tumor.jpg,1
m2 (22)_meningioma_tumor.jpg,1
m2 (28)_meningioma_tumor.jpg,1
m2 (137)_meningioma_tumor.jpg,1
m2 (165)_meningioma_tumor.jpg,1
m (174)_meningioma_tumor.jpg,1
m1(57)_meningioma_tumor.jpg,1
m3 (134)_meningioma_tumor.jpg,1
m1(146)_meningioma_tumor.jpg,1
m1(125)_meningioma_tumor.jpg,1
m1(83)_meningioma_tumor.jpg,1
m2 (56)_meningioma_tumor.jpg,1
m (152)_meningioma_tumor.jpg,1
m (66)_meningioma_tumor.jpg,1
m3 (146)_meningioma_tumor.jpg,1
m1(16)_meningioma_tumor.jpg,1
m1(31)_meningioma_tumor.jpg,1
m3 (153)_meningioma_tumor.jpg,1
m3 (109)_meningioma_tumor.jpg,1
m3 (6)_meningioma_tumor.jpg,1
m1(71)_meningioma_tumor.jpg,1
m1(141)_meningioma_tumor.jpg,1
m (15)_meningioma_tumor.jpg,1
m2 (146)_meningioma_tumor.jpg,1
m (137)_meningioma_tumor.jpg,1
m3 (217)_meningioma_tumor.jpg,1
m (177)_meningioma_tumor.jpg,1
m2 (96)_meningioma_tumor.jpg,1
m2 (128)_meningioma_tumor.jpg,1
m3 (99)_meningioma_tumor.jpg,1
m3 (233)_meningioma_tumor.jpg,1
m1(25)_meningioma_tumor.jpg,1
m3 (158)_meningioma_tumor.jpg,1
m3 (33)_meningioma_tumor.jpg,1
m (61)_meningioma_tumor.jpg,1
m3 (241)_meningioma_tumor.jpg,1
m1(47)_meningioma_tumor.jpg,1
m1(189)_meningioma_tumor.jpg,1
m3 (53)_meningioma_tumor.jpg,1
m3 (30)_meningioma_tumor.jpg,1
m3 (166)_meningioma_tumor.jpg,1
m2 (158)_meningioma_tumor.jpg,1
m2 (46)_meningioma_tumor.jpg,1
m3 (159)_meningioma_tumor.jpg,1
m3 (230)_meningioma_tumor.jpg,1
m3 (126)_meningioma_tumor.jpg,1
m2 (168)_meningioma_tumor.jpg,1
m2 (166)_meningioma_tumor.jpg,1
m3 (238)_meningioma_tumor.jpg,1
m (2)_meningioma_tumor.jpg,1
m2 (20)_meningioma_tumor.jpg,1
m (189)_meningioma_tumor.jpg,1
m3 (54)_meningioma_tumor.jpg,1
m1(61)_meningioma_tumor.jpg,1
m (161)_meningioma_tumor.jpg,1
m2 (98)_meningioma_tumor.jpg,1
m (115)_meningioma_tumor.jpg,1
m3 (37)_meningioma_tumor.jpg,1
m1(166)_meningioma_tumor.jpg,1
m3 (102)_meningioma_tumor.jpg,1
m3 (73)_meningioma_tumor.jpg,1
m1(13)_meningioma_tumor.jpg,1
m3 (3)_meningioma_tumor.jpg,1
m1(54)_meningioma_tumor.jpg,1
m3 (160)_meningioma_tumor.jpg,1
m3 (145)_meningioma_tumor.jpg,1
m1(81)_meningioma_tumor.jpg,1
m (163)_meningioma_tumor.jpg,1
m (122)_meningioma_tumor.jpg,1
m (33)_meningioma_tumor.jpg,1
m3 (211)_meningioma_tumor.jpg,1
m2 (109)_meningioma_tumor.jpg,1
m3 (131)_meningioma_tumor.jpg,1
m2 (72)_meningioma_tumor.jpg,1
m3 (246)_meningioma_tumor.jpg,1
m3 (174)_meningioma_tumor.jpg,1
m (179)_meningioma_tumor.jpg,1
m2 (101)_meningioma_tumor.jpg,1
m (47)_meningioma_tumor.jpg,1
m3 (129)_meningioma_tumor.jpg,1
m1(133)_meningioma_tumor.jpg,1
m3 (74)_meningioma_tumor.jpg,1
m (129)_meningioma_tumor.jpg,1
m3 (210)_meningioma_tumor.jpg,1
m (98)_meningioma_tumor.jpg,1
m1(142)_meningioma_tumor.jpg,1
m2 (100)_meningioma_tumor.jpg,1
m (184)_meningioma_tumor.jpg,1
m3 (154)_meningioma_tumor.jpg,1
m2 (107)_meningioma_tumor.jpg,1
m3 (138)_meningioma_tumor.jpg,1
m3 (223)_meningioma_tumor.jpg,1
m3 (47)_meningioma_tumor.jpg,1
m (157)_meningioma_tumor.jpg,1
m (104)_meningioma_tumor.jpg,1
m3 (31)_meningioma_tumor.jpg,1
m (172)_meningioma_tumor.jpg,1
m2 (66)_meningioma_tumor.jpg,1
m3 (25)_meningioma_tumor.jpg,1
m3 (204)_meningioma_tumor.jpg,1
m3 (200)_meningioma_tumor.jpg,1
m (165)_meningioma_tumor.jpg,1
m (156)_meningioma_tumor.jpg,1
m3 (180)_meningioma_tumor.jpg,1
m (196)_meningioma_tumor.jpg,1
m3 (36)_meningioma_tumor.jpg,1
m2 (148)_meningioma_tumor.jpg,1
m1(15)_meningioma_tumor.jpg,1
m1(44)_meningioma_tumor.jpg,1
m2 (122)_meningioma_tumor.jpg,1
m1(197)_meningioma_tumor.jpg,1
m2 (38)_meningioma_tumor.jpg,1
m3 (198)_meningioma_tumor.jpg,1
m1(89)_meningioma_tumor.jpg,1
m (69)_meningioma_tumor.jpg,1
m3 (182)_meningioma_tumor.jpg,1
m (164)_meningioma_tumor.jpg,1
m (195)_meningioma_tumor.jpg,1
m3 (133)_meningioma_tumor.jpg,1
m1(68)_meningioma_tumor.jpg,1
m2 (16)_meningioma_tumor.jpg,1
m1(8)_meningioma_tumor.jpg,1
m3 (186)_meningioma_tumor.jpg,1
m3 (91)_meningioma_tumor.jpg,1
m3 (184)_meningioma_tumor.jpg,1
m3 (77)_meningioma_tumor.jpg,1
m2 (119)_meningioma_tumor.jpg,1
m (57)_meningioma_tumor.jpg,1
m3 (213)_meningioma_tumor.jpg,1
m1(158)_meningioma_tumor.jpg,1
m2 (48)_meningioma_tumor.jpg,1
m2 (153)_meningioma_tumor.jpg,1
m1(147)_meningioma_tumor.jpg,1
m1(88)_meningioma_tumor.jpg,1
m (18)_meningioma_tumor.jpg,1
m3 (62)_meningioma_tumor.jpg,1
m2 (175)_meningioma_tumor.jpg,1
m3 (215)_meningioma_tumor.jpg,1
m2 (113)_meningioma_tumor.jpg,1
m1(52)_meningioma_tumor.jpg,1
m1(152)_meningioma_tumor.jpg,1
m2 (117)_meningioma_tumor.jpg,1
m2 (78)_meningioma_tumor.jpg,1
m (180)_meningioma_tumor.jpg,1
m1(38)_meningioma_tumor.jpg,1
m (147)_meningioma_tumor.jpg,1
m1(176)_meningioma_tumor.jpg,1
m2 (87)_meningioma_tumor.jpg,1
m3 (15)_meningioma_tumor.jpg,1
m (134)_meningioma_tumor.jpg,1
m1(32)_meningioma_tumor.jpg,1
m (175)_meningioma_tumor.jpg,1
m2 (125)_meningioma_tumor.jpg,1
m3 (9)_meningioma_tumor.jpg,1
m1(98)_meningioma_tumor.jpg,1
m (58)_meningioma_tumor.jpg,1
m2 (147)_meningioma_tumor.jpg,1
m2 (124)_meningioma_tumor.jpg,1
m2 (132)_meningioma_tumor.jpg,1
m3 (183)_meningioma_tumor.jpg,1
m2 (26)_meningioma_tumor.jpg,1
m3 (29)_meningioma_tumor.jpg,1
m (53)_meningioma_tumor.jpg,1
m (187)_meningioma_tumor.jpg,1
m3 (10)_meningioma_tumor.jpg,1
m2 (149)_meningioma_tumor.jpg,1
m3 (84)_meningioma_tumor.jpg,1
m1(102)_meningioma_tumor.jpg,1
m3 (44)_meningioma_tumor.jpg,1
m3 (239)_meningioma_tumor.jpg,1
m (17)_meningioma_tumor.jpg,1
m3 (197)_meningioma_tumor.jpg,1
m (140)_meningioma_tumor.jpg,1
m2 (160)_meningioma_tumor.jpg,1
m3 (81)_meningioma_tumor.jpg,1
m3 (169)_meningioma_tumor.jpg,1
m1(92)_meningioma_tumor.jpg,1
m1(192)_meningioma_tumor.jpg,1
m (71)_meningioma_tumor.jpg,1
m1(131)_meningioma_tumor.jpg,1
m (60)_meningioma_tumor.jpg,1
m2 (39)_meningioma_tumor.jpg,1
m3 (111)_meningioma_tumor.jpg,1
m1(170)_meningioma_tumor.jpg,1
m3 (4)_meningioma_tumor.jpg,1
m3 (203)_meningioma_tumor.jpg,1
m3 (75)_meningioma_tumor.jpg,1
m3 (199)_meningioma_tumor.jpg,1
m1(20)_meningioma_tumor.jpg,1
m (96)_meningioma_tumor.jpg,1
m (55)_meningioma_tumor.jpg,1
m (171)_meningioma_tumor.jpg,1
m (74)_meningioma_tumor.jpg,1
m1(6)_meningioma_tumor.jpg,1
m3 (150)_meningioma_tumor.jpg,1
m3 (220)_meningioma_tumor.jpg,1
m3 (21)_meningioma_tumor.jpg,1
m3 (57)_meningioma_tumor.jpg,1
m2 (83)_meningioma_tumor.jpg,1
m (188)_meningioma_tumor.jpg,1
m (91)_meningioma_tumor.jpg,1
m2 (81)_meningioma_tumor.jpg,1
m1(119)_meningioma_tumor.jpg,1
m1(79)_meningioma_tumor.jpg,1
m1(196)_meningioma_tumor.jpg,1
m1(171)_meningioma_tumor.jpg,1
m1(182)_meningioma_tumor.jpg,1
m3 (23)_meningioma_tumor.jpg,1
m3 (8)_meningioma_tumor.jpg,1
m3 (218)_meningioma_tumor.jpg,1
m1(145)_meningioma_tumor.jpg,1
m (106)_meningioma_tumor.jpg,1
m3 (225)_meningioma_tumor.jpg,1
m2 (34)_meningioma_tumor.jpg,1
m3 (151)_meningioma_tumor.jpg,1
m2 (106)_meningioma_tumor.jpg,1
m3 (103)_meningioma_tumor.jpg,1
m1(3)_meningioma_tumor.jpg,1
m1(151)_meningioma_tumor.jpg,1
m (103)_meningioma_tumor.jpg,1
m1(96)_meningioma_tumor.jpg,1
m1(127)_meningioma_tumor.jpg,1
m (197)_meningioma_tumor.jpg,1
m2 (5)_meningioma_tumor.jpg,1
m1(134)_meningioma_tumor.jpg,1
m1(122)_meningioma_tumor.jpg,1
m (114)_meningioma_tumor.jpg,1
m (87)_meningioma_tumor.jpg,1
m (125)_meningioma_tumor.jpg,1
m (178)_meningioma_tumor.jpg,1
m (8)_meningioma_tumor.jpg,1
m1(42)_meningioma_tumor.jpg,1
m3 (170)_meningioma_tumor.jpg,1
m2 (123)_meningioma_tumor.jpg,1
m1(72)_meningioma_tumor.jpg,1
m2 (171)_meningioma_tumor.jpg,1
m1(113)_meningioma_tumor.jpg,1
m1(50)_meningioma_tumor.jpg,1
m2 (25)_meningioma_tumor.jpg,1
m2 (85)_meningioma_tumor.jpg,1
m2 (163)_meningioma_tumor.jpg,1
m1(19)_meningioma_tumor.jpg,1
m1(97)_meningioma_tumor.jpg,1
m (133)_meningioma_tumor.jpg,1
m3 (105)_meningioma_tumor.jpg,1
m (201)_meningioma_tumor.jpg,1
m3 (208)_meningioma_tumor.jpg,1
m3 (71)_meningioma_tumor.jpg,1
m3 (206)_meningioma_tumor.jpg,1
m3 (118)_meningioma_tumor.jpg,1
m1(104)_meningioma_tumor.jpg,1
m3 (139)_meningioma_tumor.jpg,1
m1(140)_meningioma_tumor.jpg,1
m (131)_meningioma_tumor.jpg,1
m1(59)_meningioma_tumor.jpg,1
m1(30)_meningioma_tumor.jpg,1
m3 (155)_meningioma_tumor.jpg,1
m3 (244)_meningioma_tumor.jpg,1
m (41)_meningioma_tumor.jpg,1
m2 (42)_meningioma_tumor.jpg,1
m1(123)_meningioma_tumor.jpg,1
m (52)_meningioma_tumor.jpg,1
m2 (7)_meningioma_tumor.jpg,1
m (38)_meningioma_tumor.jpg,1
m2 (82)_meningioma_tumor.jpg,1
m3 (173)_meningioma_tumor.jpg,1
m (124)_meningioma_tumor.jpg,1
m3 (190)_meningioma_tumor.jpg,1
p (436)_pituitary_tumor.jpg,2
p (374)_pituitary_tumor.jpg,2
p (105)_pituitary_tumor.jpg,2
p (454)_pituitary_tumor.jpg,2
p (101)_pituitary_tumor.jpg,2
p (368)_pituitary_tumor.jpg,2
p (401)_pituitary_tumor.jpg,2
p (652)_pituitary_tumor.jpg,2
p (498)_pituitary_tumor.jpg,2
p (179)_pituitary_tumor.jpg,2
p (792)_pituitary_tumor.jpg,2
p (738)_pituitary_tumor.jpg,2
p (451)_pituitary_tumor.jpg,2
p (233)_pituitary_tumor.jpg,2
p (587)_pituitary_tumor.jpg,2
p (293)_pituitary_tumor.jpg,2
p (314)_pituitary_tumor.jpg,2
p (596)_pituitary_tumor.jpg,2
p (499)_pituitary_tumor.jpg,2
p (788)_pituitary_tumor.jpg,2
p (93)_pituitary_tumor.jpg,2
p (640)_pituitary_tumor.jpg,2
p (670)_pituitary_tumor.jpg,2
p (663)_pituitary_tumor.jpg,2
p (281)_pituitary_tumor.jpg,2
p (414)_pituitary_tumor.jpg,2
p (664)_pituitary_tumor.jpg,2
p (632)_pituitary_tumor.jpg,2
p (122)_pituitary_tumor.jpg,2
p (746)_pituitary_tumor.jpg,2
p (76)_pituitary_tumor.jpg,2
p (121)_pituitary_tumor.jpg,2
p (13)_pituitary_tumor.jpg,2
p (131)_pituitary_tumor.jpg,2
p (325)_pituitary_tumor.jpg,2
p (525)_pituitary_tumor.jpg,2
p (809)_pituitary_tumor.jpg,2
p (2)_pituitary_tumor.jpg,2
p (667)_pituitary_tumor.jpg,2
p (599)_pituitary_tumor.jpg,2
p (700)_pituitary_tumor.jpg,2
p (66)_pituitary_tumor.jpg,2
p (611)_pituitary_tumor.jpg,2
p (282)_pituitary_tumor.jpg,2
p (459)_pituitary_tumor.jpg,2
p (457)_pituitary_tumor.jpg,2
p (197)_pituitary_tumor.jpg,2
p (820)_pituitary_tumor.jpg,2
p (717)_pituitary_tumor.jpg,2
p (129)_pituitary_tumor.jpg,2
p (202)_pituitary_tumor.jpg,2
p (688)_pituitary_tumor.jpg,2
p (4)_pituitary_tumor.jpg,2
p (764)_pituitary_tumor.jpg,2
p (54)_pituitary_tumor.jpg,2
p (569)_pituitary_tumor.jpg,2
p (715)_pituitary_tumor.jpg,2
p (147)_pituitary_tumor.jpg,2
p (315)_pituitary_tumor.jpg,2
p (552)_pituitary_tumor.jpg,2
p (55)_pituitary_tumor.jpg,2
p (460)_pituitary_tumor.jpg,2
p (373)_pituitary_tumor.jpg,2
p (47)_pituitary_tumor.jpg,2
p (336)_pituitary_tumor.jpg,2
p (625)_pituitary_tumor.jpg,2
p (567)_pituitary_tumor.jpg,2
p (760)_pituitary_tumor.jpg,2
p (159)_pituitary_tumor.jpg,2
p (795)_pituitary_tumor.jpg,2
p (276)_pituitary_tumor.jpg,2
p (772)_pituitary_tumor.jpg,2
p (471)_pituitary_tumor.jpg,2
p (685)_pituitary_tumor.jpg,2
p (405)_pituitary_tumor.jpg,2
p (285)_pituitary_tumor.jpg,2
p (440)_pituitary_tumor.jpg,2
p (300)_pituitary_tumor.jpg,2
p (682)_pituitary_tumor.jpg,2
p (453)_pituitary_tumor.jpg,2
p (472)_pituitary_tumor.jpg,2
p (576)_pituitary_tumor.jpg,2
p (458)_pituitary_tumor.jpg,2
p (21)_pituitary_tumor.jpg,2
p (482)_pituitary_tumor.jpg,2
p (633)_pituitary_tumor.jpg,2
p (634)_pituitary_tumor.jpg,2
p (711)_pituitary_tumor.jpg,2
p (421)_pituitary_tumor.jpg,2
p (519)_pituitary_tumor.jpg,2
p (803)_pituitary_tumor.jpg,2
p (183)_pituitary_tumor.jpg,2
p (77)_pituitary_tumor.jpg,2
p (360)_pituitary_tumor.jpg,2
p (536)_pituitary_tumor.jpg,2
p (533)_pituitary_tumor.jpg,2
p (544)_pituitary_tumor.jpg,2
p (381)_pituitary_tumor.jpg,2
p (363)_pituitary_tumor.jpg,2
p (119)_pituitary_tumor.jpg,2
p (573)_pituitary_tumor.jpg,2
p (819)_pituitary_tumor.jpg,2
p (659)_pituitary_tumor.jpg,2
p (130)_pituitary_tumor.jpg,2
p (228)_pituitary_tumor.jpg,2
p (681)_pituitary_tumor.jpg,2
p (522)_pituitary_tumor.jpg,2
p (247)_pituitary_tumor.jpg,2
p (406)_pituitary_tumor.jpg,2
p (140)_pituitary_tumor.jpg,2
p (332)_pituitary_tumor.jpg,2
p (310)_pituitary_tumor.jpg,2
p (683)_pituitary_tumor.jpg,2
p (42)_pituitary_tumor.jpg,2
p (356)_pituitary_tumor.jpg,2
p (591)_pituitary_tumor.jpg,2
p (82)_pituitary_tumor.jpg,2
p (432)_pituitary_tumor.jpg,2
p (143)_pituitary_tumor.jpg,2
p (297)_pituitary_tumor.jpg,2
p (103)_pituitary_tumor.jpg,2
p (416)_pituitary_tumor.jpg,2
p (641)_pituitary_tumor.jpg,2
p (371)_pituitary_tumor.jpg,2
p (602)_pituitary_tumor.jpg,2
p (84)_pituitary_tumor.jpg,2
p (612)_pituitary_tumor.jpg,2
p (502)_pituitary_tumor.jpg,2
p (168)_pituitary_tumor.jpg,2
p (94)_pituitary_tumor.jpg,2
p (388)_pituitary_tumor.jpg,2
p (402)_pituitary_tumor.jpg,2
p (343)_pituitary_tumor.jpg,2
p (654)_pituitary_tumor.jpg,2
p (53)_pituitary_tumor.jpg,2
p (257)_pituitary_tumor.jpg,2
p (503)_pituitary_tumor.jpg,2
p (627)_pituitary_tumor.jpg,2
p (603)_pituitary_tumor.jpg,2
p (692)_pituitary_tumor.jpg,2
p (697)_pituitary_tumor.jpg,2
p (488)_pituitary_tumor.jpg,2
p (74)_pituitary_tumor.jpg,2
p (476)_pituitary_tumor.jpg,2
p (390)_pituitary_tumor.jpg,2
p (737)_pituitary_tumor.jpg,2
p (560)_pituitary_tumor.jpg,2
p (613)_pituitary_tumor.jpg,2
p (671)_pituitary_tumor.jpg,2
p (551)_pituitary_tumor.jpg,2
p (574)_pituitary_tumor.jpg,2
p (713)_pituitary_tumor.jpg,2
p (133)_pituitary_tumor.jpg,2
p (540)_pituitary_tumor.jpg,2
p (296)_pituitary_tumor.jpg,2
p (727)_pituitary_tumor.jpg,2
p (24)_pituitary_tumor.jpg,2
p (726)_pituitary_tumor.jpg,2
p (535)_pituitary_tumor.jpg,2
p (806)_pituitary_tumor.jpg,2
p (505)_pituitary_tumor.jpg,2
p (744)_pituitary_tumor.jpg,2
p (36)_pituitary_tumor.jpg,2
p (718)_pituitary_tumor.jpg,2
p (397)_pituitary_tumor.jpg,2
p (778)_pituitary_tumor.jpg,2
p (644)_pituitary_tumor.jpg,2
p (520)_pituitary_tumor.jpg,2
p (3)_pituitary_tumor.jpg,2
p (60)_pituitary_tumor.jpg,2
p (274)_pituitary_tumor.jpg,2
p (657)_pituitary_tumor.jpg,2
p (73)_pituitary_tumor.jpg,2
p (194)_pituitary_tumor.jpg,2
p (621)_pituitary_tumor.jpg,2
p (815)_pituitary_tumor.jpg,2
p (78)_pituitary_tumor.jpg,2
p (423)_pituitary_tumor.jpg,2
p (329)_pituitary_tumor.jpg,2
p (787)_pituitary_tumor.jpg,2
p (291)_pituitary_tumor.jpg,2
p (288)_pituitary_tumor.jpg,2
p (222)_pituitary_tumor.jpg,2
p (206)_pituitary_tumor.jpg,2
p (275)_pituitary_tumor.jpg,2
p (555)_pituitary_tumor.jpg,2
p (428)_pituitary_tumor.jpg,2
p (631)_pituitary_tumor.jpg,2
p (817)_pituitary_tumor.jpg,2
p (672)_pituitary_tumor.jpg,2
p (694)_pituitary_tumor.jpg,2
p (789)_pituitary_tumor.jpg,2
p (139)_pituitary_tumor.jpg,2
p (826)_pituitary_tumor.jpg,2
p (286)_pituitary_tumor.jpg,2
p (248)_pituitary_tumor.jpg,2
p (45)_pituitary_tumor.jpg,2
p (592)_pituitary_tumor.jpg,2
p (123)_pituitary_tumor.jpg,2
p (655)_pituitary_tumor.jpg,2
p (385)_pituitary_tumor.jpg,2
p (409)_pituitary_tumor.jpg,2
p (321)_pituitary_tumor.jpg,2
p (495)_pituitary_tumor.jpg,2
p (756)_pituitary_tumor.jpg,2
p (807)_pituitary_tumor.jpg,2
p (543)_pituitary_tumor.jpg,2
p (251)_pituitary_tumor.jpg,2
p (235)_pituitary_tumor.jpg,2
p (805)_pituitary_tumor.jpg,2
p (56)_pituitary_tumor.jpg,2
p (19)_pituitary_tumor.jpg,2
p (677)_pituitary_tumor.jpg,2
p (650)_pituitary_tumor.jpg,2
p (182)_pituitary_tumor.jpg,2
p (340)_pituitary_tumor.jpg,2
p (148)_pituitary_tumor.jpg,2
p (424)_pituitary_tumor.jpg,2
p (156)_pituitary_tumor.jpg,2
p (658)_pituitary_tumor.jpg,2
p (320)_pituitary_tumor.jpg,2
p (732)_pituitary_tumor.jpg,2
p (40)_pituitary_tumor.jpg,2
p (790)_pituitary_tumor.jpg,2
p (271)_pituitary_tumor.jpg,2
p (89)_pituitary_tumor.jpg,2
p (461)_pituitary_tumor.jpg,2
p (216)_pituitary_tumor.jpg,2
p (609)_pituitary_tumor.jpg,2
p (774)_pituitary_tumor.jpg,2
p (80)_pituitary_tumor.jpg,2
p (8)_pituitary_tumor.jpg,2
p (798)_pituitary_tumor.jpg,2
p (527)_pituitary_tumor.jpg,2
p (184)_pituitary_tumor.jpg,2
p (331)_pituitary_tumor.jpg,2
p (698)_pituitary_tumor.jpg,2
p (564)_pituitary_tumor.jpg,2
p (475)_pituitary_tumor.jpg,2
p (307)_pituitary_tumor.jpg,2
p (224)_pituitary_tumor.jpg,2
p (158)_pituitary_tumor.jpg,2
p (263)_pituitary_tumor.jpg,2
p (630)_pituitary_tumor.jpg,2
p (370)_pituitary_tumor.jpg,2
p (492)_pituitary_tumor.jpg,2
p (723)_pituitary_tumor.jpg,2
p (127)_pituitary_tumor.jpg,2
p (438)_pituitary_tumor.jpg,2
p (189)_pituitary_tumor.jpg,2
p (91)_pituitary_tumor.jpg,2
p (765)_pituitary_tumor.jpg,2
p (595)_pituitary_tumor.jpg,2
p (26)_pituitary_tumor.jpg,2
p (192)_pituitary_tumor.jpg,2
p (90)_pituitary_tumor.jpg,2
p (407)_pituitary_tumor.jpg,2
p (51)_pituitary_tumor.jpg,2
p (580)_pituitary_tumor.jpg,2
p (680)_pituitary_tumor.jpg,2
p (99)_pituitary_tumor.jpg,2
p (221)_pituitary_tumor.jpg,2
p (724)_pituitary_tumor.jpg,2
p (280)_pituitary_tumor.jpg,2
p (752)_pituitary_tumor.jpg,2
p (497)_pituitary_tumor.jpg,2
p (750)_pituitary_tumor.jpg,2
p (824)_pituitary_tumor.jpg,2
p (213)_pituitary_tumor.jpg,2
p (305)_pituitary_tumor.jpg,2
p (673)_pituitary_tumor.jpg,2
p (761)_pituitary_tumor.jpg,2
p (204)_pituitary_tumor.jpg,2
p (754)_pituitary_tumor.jpg,2
p (316)_pituitary_tumor.jpg,2
p (244)_pituitary_tumor.jpg,2
p (225)_pituitary_tumor.jpg,2
p (171)_pituitary_tumor.jpg,2
p (144)_pituitary_tumor.jpg,2
p (714)_pituitary_tumor.jpg,2
p (740)_pituitary_tumor.jpg,2
p (265)_pituitary_tumor.jpg,2
p (25)_pituitary_tumor.jpg,2
p (294)_pituitary_tumor.jpg,2
p (98)_pituitary_tumor.jpg,2
p (30)_pituitary_tumor.jpg,2
p (35)_pituitary_tumor.jpg,2
p (28)_pituitary_tumor.jpg,2
p (106)_pituitary_tumor.jpg,2
p (46)_pituitary_tumor.jpg,2
p (646)_pituitary_tumor.jpg,2
p (227)_pituitary_tumor.jpg,2
p (581)_pituitary_tumor.jpg,2
p (479)_pituitary_tumor.jpg,2
p (529)_pituitary_tumor.jpg,2
p (177)_pituitary_tumor.jpg,2
p (48)_pituitary_tumor.jpg,2
p (629)_pituitary_tumor.jpg,2
p (699)_pituitary_tumor.jpg,2
p (167)_pituitary_tumor.jpg,2
p (279)_pituitary_tumor.jpg,2
p (270)_pituitary_tumor.jpg,2
p (5)_pituitary_tumor.jpg,2
p (512)_pituitary_tumor.jpg,2
p (299)_pituitary_tumor.jpg,2
p (623)_pituitary_tumor.jpg,2
p (776)_pituitary_tumor.jpg,2
p (801)_pituitary_tumor.jpg,2
p (312)_pituitary_tumor.jpg,2
p (758)_pituitary_tumor.jpg,2
p (169)_pituitary_tumor.jpg,2
p (23)_pituitary_tumor.jpg,2
p (797)_pituitary_tumor.jpg,2
p (120)_pituitary_tumor.jpg,2
p (243)_pituitary_tumor.jpg,2
p (246)_pituitary_tumor.jpg,2
p (771)_pituitary_tumor.jpg,2
p (486)_pituitary_tumor.jpg,2
p (396)_pituitary_tumor.jpg,2
p (429)_pituitary_tumor.jpg,2
p (577)_pituitary_tumor.jpg,2
p (418)_pituitary_tumor.jpg,2
p (85)_pituitary_tumor.jpg,2
p (376)_pituitary_tumor.jpg,2
p (579)_pituitary_tumor.jpg,2
p (665)_pituitary_tumor.jpg,2
p (68)_pituitary_tumor.jpg,2
p (112)_pituitary_tumor.jpg,2
p (334)_pituitary_tumor.jpg,2
p (707)_pituitary_tumor.jpg,2
p (186)_pituitary_tumor.jpg,2
p (741)_pituitary_tumor.jpg,2
p (550)_pituitary_tumor.jpg,2
p (739)_pituitary_tumor.jpg,2
p (562)_pituitary_tumor.jpg,2
p (607)_pituitary_tumor.jpg,2
p (431)_pituitary_tumor.jpg,2
p (87)_pituitary_tumor.jpg,2
p (541)_pituitary_tumor.jpg,2
p (43)_pituitary_tumor.jpg,2
p (245)_pituitary_tumor.jpg,2
p (539)_pituitary_tumor.jpg,2
p (323)_pituitary_tumor.jpg,2
p (268)_pituitary_tumor.jpg,2
p (335)_pituitary_tumor.jpg,2
p (748)_pituitary_tumor.jpg,2
p (196)_pituitary_tumor.jpg,2
p (558)_pituitary_tumor.jpg,2
p (400)_pituitary_tumor.jpg,2
p (649)_pituitary_tumor.jpg,2
p (827)_pituitary_tumor.jpg,2
p (690)_pituitary_tumor.jpg,2
p (542)_pituitary_tumor.jpg,2
p (521)_pituitary_tumor.jpg,2
p (447)_pituitary_tumor.jpg,2
p (215)_pituitary_tumor.jpg,2
p (195)_pituitary_tumor.jpg,2
p (818)_pituitary_tumor.jpg,2
p (721)_pituitary_tumor.jpg,2
p (743)_pituitary_tumor.jpg,2
p (63)_pituitary_tumor.jpg,2
p (624)_pituitary_tumor.jpg,2
p (731)_pituitary_tumor.jpg,2
p (696)_pituitary_tumor.jpg,2
p (391)_pituitary_tumor.jpg,2
p (292)_pituitary_tumor.jpg,2
p (62)_pituitary_tumor.jpg,2
p (111)_pituitary_tumor.jpg,2
p (369)_pituitary_tumor.jpg,2
p (470)_pituitary_tumor.jpg,2
p (162)_pituitary_tumor.jpg,2
p (500)_pituitary_tumor.jpg,2
p (365)_pituitary_tumor.jpg,2
p (207)_pituitary_tumor.jpg,2
p (693)_pituitary_tumor.jpg,2
p (188)_pituitary_tumor.jpg,2
p (34)_pituitary_tumor.jpg,2
p (598)_pituitary_tumor.jpg,2
p (736)_pituitary_tumor.jpg,2
p (38)_pituitary_tumor.jpg,2
p (701)_pituitary_tumor.jpg,2
p (668)_pituitary_tumor.jpg,2
p (686)_pituitary_tumor.jpg,2
p (617)_pituitary_tumor.jpg,2
p (339)_pituitary_tumor.jpg,2
p (518)_pituitary_tumor.jpg,2
p (232)_pituitary_tumor.jpg,2
p (65)_pituitary_tumor.jpg,2
p (728)_pituitary_tumor.jpg,2
p (802)_pituitary_tumor.jpg,2
p (443)_pituitary_tumor.jpg,2
p (57)_pituitary_tumor.jpg,2
p (538)_pituitary_tumor.jpg,2
p (116)_pituitary_tumor.jpg,2
p (174)_pituitary_tumor.jpg,2
p (800)_pituitary_tumor.jpg,2
p (420)_pituitary_tumor.jpg,2
p (110)_pituitary_tumor.jpg,2
p (669)_pituitary_tumor.jpg,2
p (745)_pituitary_tumor.jpg,2
p (408)_pituitary_tumor.jpg,2
p (710)_pituitary_tumor.jpg,2
p (637)_pituitary_tumor.jpg,2
p (463)_pituitary_tumor.jpg,2
p (161)_pituitary_tumor.jpg,2
p (466)_pituitary_tumor.jpg,2
p (729)_pituitary_tumor.jpg,2
p (260)_pituitary_tumor.jpg,2
p (18)_pituitary_tumor.jpg,2
p (200)_pituitary_tumor.jpg,2
p (780)_pituitary_tumor.jpg,2
p (269)_pituitary_tumor.jpg,2
p (41)_pituitary_tumor.jpg,2
p (474)_pituitary_tumor.jpg,2
p (44)_pituitary_tumor.jpg,2
p (151)_pituitary_tumor.jpg,2
p (198)_pituitary_tumor.jpg,2
p (494)_pituitary_tumor.jpg,2
p (404)_pituitary_tumor.jpg,2
p (676)_pituitary_tumor.jpg,2
p (566)_pituitary_tumor.jpg,2
p (496)_pituitary_tumor.jpg,2
p (353)_pituitary_tumor.jpg,2
p (284)_pituitary_tumor.jpg,2
p (272)_pituitary_tumor.jpg,2
p (342)_pituitary_tumor.jpg,2
p (537)_pituitary_tumor.jpg,2
p (95)_pituitary_tumor.jpg,2
p (308)_pituitary_tumor.jpg,2
p (97)_pituitary_tumor.jpg,2
p (338)_pituitary_tumor.jpg,2
p (253)_pituitary_tumor.jpg,2
p (786)_pituitary_tumor.jpg,2
p (70)_pituitary_tumor.jpg,2
p (212)_pituitary_tumor.jpg,2
p (614)_pituitary_tumor.jpg,2
p (446)_pituitary_tumor.jpg,2
p (330)_pituitary_tumor.jpg,2
p (157)_pituitary_tumor.jpg,2
p (781)_pituitary_tumor.jpg,2
p (250)_pituitary_tumor.jpg,2
p (358)_pituitary_tumor.jpg,2
p (303)_pituitary_tumor.jpg,2
p (238)_pituitary_tumor.jpg,2
p (31)_pituitary_tumor.jpg,2
p (648)_pituitary_tumor.jpg,2
p (387)_pituitary_tumor.jpg,2
p (32)_pituitary_tumor.jpg,2
p (593)_pituitary_tumor.jpg,2
p (384)_pituitary_tumor.jpg,2
p (203)_pituitary_tumor.jpg,2
p (796)_pituitary_tumor.jpg,2
p (136)_pituitary_tumor.jpg,2
p (17)_pituitary_tumor.jpg,2
p (822)_pituitary_tumor.jpg,2
p (484)_pituitary_tumor.jpg,2
p (608)_pituitary_tumor.jpg,2
p (69)_pituitary_tumor.jpg,2
p (638)_pituitary_tumor.jpg,2
p (467)_pituitary_tumor.jpg,2
p (662)_pituitary_tumor.jpg,2
p (469)_pituitary_tumor.jpg,2
p (191)_pituitary_tumor.jpg,2
p (779)_pituitary_tumor.jpg,2
p (610)_pituitary_tumor.jpg,2
p (375)_pituitary_tumor.jpg,2
p (341)_pituitary_tumor.jpg,2
p (661)_pituitary_tumor.jpg,2
p (362)_pituitary_tumor.jpg,2
p (753)_pituitary_tumor.jpg,2
p (704)_pituitary_tumor.jpg,2
p (530)_pituitary_tumor.jpg,2
p (50)_pituitary_tumor.jpg,2
p (15)_pituitary_tumor.jpg,2
p (264)_pituitary_tumor.jpg,2
p (523)_pituitary_tumor.jpg,2
p (7)_pituitary_tumor.jpg,2
p (619)_pituitary_tumor.jpg,2
p (366)_pituitary_tumor.jpg,2
p (706)_pituitary_tumor.jpg,2
p (545)_pituitary_tumor.jpg,2
p (762)_pituitary_tumor.jpg,2
p (14)_pituitary_tumor.jpg,2
p (354)_pituitary_tumor.jpg,2
p (600)_pituitary_tumor.jpg,2
p (345)_pituitary_tumor.jpg,2
p (175)_pituitary_tumor.jpg,2
p (367)_pituitary_tumor.jpg,2
p (348)_pituitary_tumor.jpg,2
p (187)_pituitary_tumor.jpg,2
p (509)_pituitary_tumor.jpg,2
p (689)_pituitary_tumor.jpg,2
p (515)_pituitary_tumor.jpg,2
p (524)_pituitary_tumor.jpg,2
p (767)_pituitary_tumor.jpg,2
p (166)_pituitary_tumor.jpg,2
p (146)_pituitary_tumor.jpg,2
p (584)_pituitary_tumor.jpg,2
p (791)_pituitary_tumor.jpg,2
p (433)_pituitary_tumor.jpg,2
p (102)_pituitary_tumor.jpg,2
p (364)_pituitary_tumor.jpg,2
p (442)_pituitary_tumor.jpg,2
p (554)_pituitary_tumor.jpg,2
p (242)_pituitary_tumor.jpg,2
p (455)_pituitary_tumor.jpg,2
p (357)_pituitary_tumor.jpg,2
p (501)_pituitary_tumor.jpg,2
p (417)_pituitary_tumor.jpg,2
p (597)_pituitary_tumor.jpg,2
p (395)_pituitary_tumor.jpg,2
p (83)_pituitary_tumor.jpg,2
p (72)_pituitary_tumor.jpg,2
p (81)_pituitary_tumor.jpg,2
p (11)_pituitary_tumor.jpg,2
p (553)_pituitary_tumor.jpg,2
p (209)_pituitary_tumor.jpg,2
p (138)_pituitary_tumor.jpg,2
p (239)_pituitary_tumor.jpg,2
p (547)_pituitary_tumor.jpg,2
p (152)_pituitary_tumor.jpg,2
p (349)_pituitary_tumor.jpg,2
p (606)_pituitary_tumor.jpg,2
p (757)_pituitary_tumor.jpg,2
p (142)_pituitary_tumor.jpg,2
p (734)_pituitary_tumor.jpg,2
p (590)_pituitary_tumor.jpg,2
p (64)_pituitary_tumor.jpg,2
p (588)_pituitary_tumor.jpg,2
p (383)_pituitary_tumor.jpg,2
p (181)_pituitary_tumor.jpg,2
p (794)_pituitary_tumor.jpg,2
p (382)_pituitary_tumor.jpg,2
p (489)_pituitary_tumor.jpg,2
p (493)_pituitary_tumor.jpg,2
p (256)_pituitary_tumor.jpg,2
p (719)_pituitary_tumor.jpg,2
p (295)_pituitary_tumor.jpg,2
p (450)_pituitary_tumor.jpg,2
p (616)_pituitary_tumor.jpg,2
p (813)_pituitary_tumor.jpg,2
p (825)_pituitary_tumor.jpg,2
p (419)_pituitary_tumor.jpg,2
p (557)_pituitary_tumor.jpg,2
p (107)_pituitary_tumor.jpg,2
p (410)_pituitary_tumor.jpg,2
p (59)_pituitary_tumor.jpg,2
p (266)_pituitary_tumor.jpg,2
p (422)_pituitary_tumor.jpg,2
p (561)_pituitary_tumor.jpg,2
p (768)_pituitary_tumor.jpg,2
p (124)_pituitary_tumor.jpg,2
p (531)_pituitary_tumor.jpg,2
p (594)_pituitary_tumor.jpg,2
p (656)_pituitary_tumor.jpg,2
p (100)_pituitary_tumor.jpg,2
p (218)_pituitary_tumor.jpg,2
p (326)_pituitary_tumor.jpg,2
p (393)_pituitary_tumor.jpg,2
p (149)_pituitary_tumor.jpg,2
p (319)_pituitary_tumor.jpg,2
p (160)_pituitary_tumor.jpg,2
p (653)_pituitary_tumor.jpg,2
p (255)_pituitary_tumor.jpg,2
p (549)_pituitary_tumor.jpg,2
p (720)_pituitary_tumor.jpg,2
p (468)_pituitary_tumor.jpg,2
p (185)_pituitary_tumor.jpg,2
p (190)_pituitary_tumor.jpg,2
p (317)_pituitary_tumor.jpg,2
p (444)_pituitary_tumor.jpg,2
p (377)_pituitary_tumor.jpg,2
p (441)_pituitary_tumor.jpg,2
p (618)_pituitary_tumor.jpg,2
p (823)_pituitary_tumor.jpg,2
p (172)_pituitary_tumor.jpg,2
p (52)_pituitary_tumor.jpg,2
p (355)_pituitary_tumor.jpg,2
p (267)_pituitary_tumor.jpg,2
p (347)_pituitary_tumor.jpg,2
p (490)_pituitary_tumor.jpg,2
p (462)_pituitary_tumor.jpg,2
p (178)_pituitary_tumor.jpg,2
p (71)_pituitary_tumor.jpg,2
p (309)_pituitary_tumor.jpg,2
p (705)_pituitary_tumor.jpg,2
p (628)_pituitary_tumor.jpg,2
p (563)_pituitary_tumor.jpg,2
p (324)_pituitary_tumor.jpg,2
p (61)_pituitary_tumor.jpg,2
p (691)_pituitary_tumor.jpg,2
p (234)_pituitary_tumor.jpg,2
p (601)_pituitary_tumor.jpg,2
p (10)_pituitary_tumor.jpg,2
p (568)_pituitary_tumor.jpg,2
p (237)_pituitary_tumor.jpg,2
p (674)_pituitary_tumor.jpg,2
p (763)_pituitary_tumor.jpg,2
p (766)_pituitary_tumor.jpg,2
p (199)_pituitary_tumor.jpg,2
p (20)_pituitary_tumor.jpg,2
p (645)_pituitary_tumor.jpg,2
p (16)_pituitary_tumor.jpg,2
p (605)_pituitary_tumor.jpg,2
p (487)_pituitary_tumor.jpg,2
p (350)_pituitary_tumor.jpg,2
p (306)_pituitary_tumor.jpg,2
p (170)_pituitary_tumor.jpg,2
p (361)_pituitary_tumor.jpg,2
p (620)_pituitary_tumor.jpg,2
p (528)_pituitary_tumor.jpg,2
p (814)_pituitary_tumor.jpg,2
p (211)_pituitary_tumor.jpg,2
p (517)_pituitary_tumor.jpg,2
p (636)_pituitary_tumor.jpg,2
p (9)_pituitary_tumor.jpg,2
p (328)_pituitary_tumor.jpg,2
p (39)_pituitary_tumor.jpg,2
p (816)_pituitary_tumor.jpg,2
p (742)_pituitary_tumor.jpg,2
p (712)_pituitary_tumor.jpg,2
p (137)_pituitary_tumor.jpg,2
p (439)_pituitary_tumor.jpg,2
p (759)_pituitary_tumor.jpg,2
p (132)_pituitary_tumor.jpg,2
p (437)_pituitary_tumor.jpg,2
p (570)_pituitary_tumor.jpg,2
p (464)_pituitary_tumor.jpg,2
p (513)_pituitary_tumor.jpg,2
p (176)_pituitary_tumor.jpg,2
p (473)_pituitary_tumor.jpg,2
p (695)_pituitary_tumor.jpg,2
p (548)_pituitary_tumor.jpg,2
p (435)_pituitary_tumor.jpg,2
p (108)_pituitary_tumor.jpg,2
p (703)_pituitary_tumor.jpg,2
p (33)_pituitary_tumor.jpg,2
p (784)_pituitary_tumor.jpg,2
p (666)_pituitary_tumor.jpg,2
p (201)_pituitary_tumor.jpg,2
p (380)_pituitary_tumor.jpg,2
p (126)_pituitary_tumor.jpg,2
p (647)_pituitary_tumor.jpg,2
p (278)_pituitary_tumor.jpg,2
p (412)_pituitary_tumor.jpg,2
p (12)_pituitary_tumor.jpg,2
p (114)_pituitary_tumor.jpg,2
p (804)_pituitary_tumor.jpg,2
p (504)_pituitary_tumor.jpg,2
p (145)_pituitary_tumor.jpg,2
p (6)_pituitary_tumor.jpg,2
p (214)_pituitary_tumor.jpg,2
p (635)_pituitary_tumor.jpg,2
p (289)_pituitary_tumor.jpg,2
p (333)_pituitary_tumor.jpg,2
p (318)_pituitary_tumor.jpg,2
p (352)_pituitary_tumor.jpg,2
p (456)_pituitary_tumor.jpg,2
p (559)_pituitary_tumor.jpg,2
p (812)_pituitary_tumor.jpg,2
p (571)_pituitary_tumor.jpg,2
p (301)_pituitary_tumor.jpg,2
image(205)_no_tumor.jpg,3
image (33)_no_tumor.jpg,3
image(302)_no_tumor.jpg,3
image(104)_no_tumor.jpg,3
image(169)_no_tumor.jpg,3
image(162)_no_tumor.jpg,3
image(54)_no_tumor.jpg,3
image(73)_no_tumor.jpg,3
image(18)_no_tumor.jpg,3
image (9)_no_tumor.jpg,3
image(252)_no_tumor.jpg,3
image(278)_no_tumor.jpg,3
image(203)_no_tumor.jpg,3
image(87)_no_tumor.jpg,3
image(23)_no_tumor.jpg,3
image(112)_no_tumor.jpg,3
image(3)_no_tumor.jpg,3
image(245)_no_tumor.jpg,3
image(40)_no_tumor.jpg,3
image(307)_no_tumor.jpg,3
7_no_tumor.jpg,3
image(187)_no_tumor.jpg,3
image(214)_no_tumor.jpg,3
image(46)_no_tumor.jpg,3
image(198)_no_tumor.jpg,3
image(94)_no_tumor.jpg,3
image(141)_no_tumor.jpg,3
image(157)_no_tumor.jpg,3
image(327)_no_tumor.jpg,3
image(232)_no_tumor.jpg,3
image(281)_no_tumor.jpg,3
image(27)_no_tumor.jpg,3
image(226)_no_tumor.jpg,3
image (13)_no_tumor.jpg,3
image(287)_no_tumor.jpg,3
image(122)_no_tumor.jpg,3
image (40)_no_tumor.jpg,3
image(90)_no_tumor.jpg,3
image (46)_no_tumor.jpg,3
image(4)_no_tumor.jpg,3
image(58)_no_tumor.jpg,3
image(25)_no_tumor.jpg,3
image(136)_no_tumor.jpg,3
image(235)_no_tumor.jpg,3
image(63)_no_tumor.jpg,3
image(292)_no_tumor.jpg,3
image(320)_no_tumor.jpg,3
image(316)_no_tumor.jpg,3
image(55)_no_tumor.jpg,3
image(228)_no_tumor.jpg,3
image(234)_no_tumor.jpg,3
image (22)_no_tumor.jpg,3
image (63)_no_tumor.jpg,3
image(43)_no_tumor.jpg,3
image(91)_no_tumor.jpg,3
image(188)_no_tumor.jpg,3
image(158)_no_tumor.jpg,3
image(64)_no_tumor.jpg,3
image(56)_no_tumor.jpg,3
image (27)_no_tumor.jpg,3
image(95)_no_tumor.jpg,3
3_no_tumor.jpg,3
image(246)_no_tumor.jpg,3
image(105)_no_tumor.jpg,3
image (51)_no_tumor.jpg,3
image(150)_no_tumor.jpg,3
image(36)_no_tumor.jpg,3
image(237)_no_tumor.jpg,3
image(227)_no_tumor.jpg,3
image(8)_no_tumor.jpg,3
image(161)_no_tumor.jpg,3
image(185)_no_tumor.jpg,3
image(270)_no_tumor.jpg,3
image(314)_no_tumor.jpg,3
image (37)_no_tumor.jpg,3
image (38)_no_tumor.jpg,3
image(222)_no_tumor.jpg,3
image(31)_no_tumor.jpg,3
image(213)_no_tumor.jpg,3
image(272)_no_tumor.jpg,3
image(51)_no_tumor.jpg,3
image(52)_no_tumor.jpg,3
image(233)_no_tumor.jpg,3
image(126)_no_tumor.jpg,3
image(170)_no_tumor.jpg,3
image(182)_no_tumor.jpg,3
image(12)_no_tumor.jpg,3
image(71)_no_tumor.jpg,3
image_no_tumor.jpg,3
image(290)_no_tumor.jpg,3
image (49)_no_tumor.jpg,3
image(308)_no_tumor.jpg,3
image (50)_no_tumor.jpg,3
image(319)_no_tumor.jpg,3
image(218)_no_tumor.jpg,3
image(88)_no_tumor.jpg,3
image(61)_no_tumor.jpg,3
image(47)_no_tumor.jpg,3
image (59)_no_tumor.jpg,3
image(249)_no_tumor.jpg,3
image (23)_no_tumor.jpg,3
image(77)_no_tumor.jpg,3
image(202)_no_tumor.jpg,3
image(37)_no_tumor.jpg,3
image(267)_no_tumor.jpg,3
image (20)_no_tumor.jpg,3
image(14)_no_tumor.jpg,3
image(34)_no_tumor.jpg,3
image(209)_no_tumor.jpg,3
image (29)_no_tumor.jpg,3
image(301)_no_tumor.jpg,3
image(192)_no_tumor.jpg,3
image(17)_no_tumor.jpg,3
image (14)_no_tumor.jpg,3
image(121)_no_tumor.jpg,3
image (44)_no_tumor.jpg,3
image (30)_no_tumor.jpg,3
image(131)_no_tumor.jpg,3
image(48)_no_tumor.jpg,3
image(239)_no_tumor.jpg,3
image(114)_no_tumor.jpg,3
image(160)_no_tumor.jpg,3
image(277)_no_tumor.jpg,3
image(204)_no_tumor.jpg,3
image(149)_no_tumor.jpg,3
image(248)_no_tumor.jpg,3
image(262)_no_tumor.jpg,3
image(271)_no_tumor.jpg,3
image (32)_no_tumor.jpg,3
image(86)_no_tumor.jpg,3
image(148)_no_tumor.jpg,3
8_no_tumor.jpg,3
image(197)_no_tumor.jpg,3
image(167)_no_tumor.jpg,3
image(139)_no_tumor.jpg,3
image(206)_no_tumor.jpg,3
image(216)_no_tumor.jpg,3
image (5)_no_tumor.jpg,3
image(78)_no_tumor.jpg,3
image(196)_no_tumor.jpg,3
image (57)_no_tumor.jpg,3
image(251)_no_tumor.jpg,3
image(321)_no_tumor.jpg,3
2_no_tumor.jpg,3
image (64)_no_tumor.jpg,3
image(260)_no_tumor.jpg,3
image(115)_no_tumor.jpg,3
image (43)_no_tumor.jpg,3
image(289)_no_tumor.jpg,3
image(324)_no_tumor.jpg,3
4_no_tumor.jpg,3
image (35)_no_tumor.jpg,3
image(225)_no_tumor.jpg,3
image(275)_no_tumor.jpg,3
image(117)_no_tumor.jpg,3
image(177)_no_tumor.jpg,3
image (61)_no_tumor.jpg,3
image(229)_no_tumor.jpg,3
image(241)_no_tumor.jpg,3
image(111)_no_tumor.jpg,3
image(298)_no_tumor.jpg,3
image(84)_no_tumor.jpg,3
image(45)_no_tumor.jpg,3
image(38)_no_tumor.jpg,3
image (26)_no_tumor.jpg,3
image(171)_no_tumor.jpg,3
image(125)_no_tumor.jpg,3
image(75)_no_tumor.jpg,3
image(98)_no_tumor.jpg,3
image(247)_no_tumor.jpg,3
image(152)_no_tumor.jpg,3
image(186)_no_tumor.jpg,3
image(299)_no_tumor.jpg,3
image(134)_no_tumor.jpg,3
image(309)_no_tumor.jpg,3
image(288)_no_tumor.jpg,3
image(20)_no_tumor.jpg,3
image(101)_no_tumor.jpg,3
image (4)_no_tumor.jpg,3
image(180)_no_tumor.jpg,3
image(261)_no_tumor.jpg,3
image(120)_no_tumor.jpg,3
image(130)_no_tumor.jpg,3
image (6)_no_tumor.jpg,3
image(318)_no_tumor.jpg,3
image (56)_no_tumor.jpg,3
image(183)_no_tumor.jpg,3
image(174)_no_tumor.jpg,3
image(59)_no_tumor.jpg,3
image(96)_no_tumor.jpg,3
image(100)_no_tumor.jpg,3
image(9)_no_tumor.jpg,3
image(15)_no_tumor.jpg,3
image (45)_no_tumor.jpg,3
image(211)_no_tumor.jpg,3
image(26)_no_tumor.jpg,3
image(224)_no_tumor.jpg,3
image(172)_no_tumor.jpg,3
image(79)_no_tumor.jpg,3
image(325)_no_tumor.jpg,3
5_no_tumor.jpg,3
image(219)_no_tumor.jpg,3
image(256)_no_tumor.jpg,3
image(311)_no_tumor.jpg,3
image(269)_no_tumor.jpg,3
image(33)_no_tumor.jpg,3
image(128)_no_tumor.jpg,3
image(280)_no_tumor.jpg,3
image(159)_no_tumor.jpg,3
image (47)_no_tumor.jpg,3
image(212)_no_tumor.jpg,3
image(276)_no_tumor.jpg,3
image(89)_no_tumor.jpg,3
image(154)_no_tumor.jpg,3
image(93)_no_tumor.jpg,3
image(35)_no_tumor.jpg,3
image(6)_no_tumor.jpg,3
image(200)_no_tumor.jpg,3
image(255)_no_tumor.jpg,3
image(113)_no_tumor.jpg,3
image(189)_no_tumor.jpg,3
image(129)_no_tumor.jpg,3
image(1)_no_tumor.jpg,3
image(294)_no_tumor.jpg,3
image(153)_no_tumor.jpg,3
image(116)_no_tumor.jpg,3
image(231)_no_tumor.jpg,3
image(285)_no_tumor.jpg,3
image(69)_no_tumor.jpg,3
image(57)_no_tumor.jpg,3
image(28)_no_tumor.jpg,3
image(283)_no_tumor.jpg,3
image(215)_no_tumor.jpg,3
image(243)_no_tumor.jpg,3
image (55)_no_tumor.jpg,3
image(156)_no_tumor.jpg,3
image (52)_no_tumor.jpg,3
image (28)_no_tumor.jpg,3
image (12)_no_tumor.jpg,3
image(62)_no_tumor.jpg,3
image(81)_no_tumor.jpg,3
image(103)_no_tumor.jpg,3
image(11)_no_tumor.jpg,3
image(257)_no_tumor.jpg,3
image(279)_no_tumor.jpg,3
image(207)_no_tumor.jpg,3
image(70)_no_tumor.jpg,3
image(175)_no_tumor.jpg,3
image(236)_no_tumor.jpg,3
image (36)_no_tumor.jpg,3
image(146)_no_tumor.jpg,3
image(254)_no_tumor.jpg,3
image(266)_no_tumor.jpg,3
image(297)_no_tumor.jpg,3
image (62)_no_tumor.jpg,3
image(274)_no_tumor.jpg,3
image(176)_no_tumor.jpg,3
image(107)_no_tumor.jpg,3
image(304)_no_tumor.jpg,3
image(19)_no_tumor.jpg,3
image(29)_no_tumor.jpg,3
image(195)_no_tumor.jpg,3
image(83)_no_tumor.jpg,3
image(217)_no_tumor.jpg,3
image(284)_no_tumor.jpg,3
image(50)_no_tumor.jpg,3
image(305)_no_tumor.jpg,3
image(143)_no_tumor.jpg,3
image(106)_no_tumor.jpg,3
image(259)_no_tumor.jpg,3
image(32)_no_tumor.jpg,3
image(72)_no_tumor.jpg,3
image(16)_no_tumor.jpg,3
image(179)_no_tumor.jpg,3
image(210)_no_tumor.jpg,3
image (42)_no_tumor.jpg,3
image(80)_no_tumor.jpg,3
image(300)_no_tumor.jpg,3
image(85)_no_tumor.jpg,3
image(135)_no_tumor.jpg,3
image(322)_no_tumor.jpg,3
image(199)_no_tumor.jpg,3
image (60)_no_tumor.jpg,3
image(295)_no_tumor.jpg,3
image(240)_no_tumor.jpg,3
image (41)_no_tumor.jpg,3
image(273)_no_tumor.jpg,3
image (19)_no_tumor.jpg,3
image(110)_no_tumor.jpg,3
image (53)_no_tumor.jpg,3
image(41)_no_tumor.jpg,3
image(138)_no_tumor.jpg,3
image(223)_no_tumor.jpg,3
image(49)_no_tumor.jpg,3
image(244)_no_tumor.jpg,3
image(264)_no_tumor.jpg,3
image(317)_no_tumor.jpg,3
image(238)_no_tumor.jpg,3
1_no_tumor.jpg,3
image(145)_no_tumor.jpg,3
image(326)_no_tumor.jpg,3
image(68)_no_tumor.jpg,3
image (10)_no_tumor.jpg,3
image(164)_no_tumor.jpg,3
image(208)_no_tumor.jpg,3
image(133)_no_tumor.jpg,3
image (15)_no_tumor.jpg,3
6_no_tumor.jpg,3
image(230)_no_tumor.jpg,3
image(7)_no_tumor.jpg,3
image(144)_no_tumor.jpg,3
image(30)_no_tumor.jpg,3
image(194)_no_tumor.jpg,3
image(286)_no_tumor.jpg,3
image (8)_no_tumor.jpg,3
image(13)_no_tumor.jpg,3
